Population,Plant,Trait,TransplantSite,TraitValue
AspenValley,3969-1,StemLength,Stanford,47
AspenValley,3969-1,StemLength,Mather,39
AspenValley,3969-1,StemLength,Timberline,39
AspenValley,3969-1,NumStems,Stanford,5
AspenValley,3969-1,NumStems,Mather,7
AspenValley,3969-1,NumStems,Timberline,2
AspenValley,3969-2,StemLength,Stanford,58
AspenValley,3969-2,StemLength,Mather,66
AspenValley,3969-2,StemLength,Timberline,0
AspenValley,3969-2,NumStems,Stanford,3.3
AspenValley,3969-2,NumStems,Mather,4.3
AspenValley,3969-2,NumStems,Timberline,0
AspenValley,3969-3,StemLength,Stanford,71
AspenValley,3969-3,StemLength,Mather,51
AspenValley,3969-3,StemLength,Timberline,23
AspenValley,3969-3,NumStems,Stanford,8
AspenValley,3969-3,NumStems,Mather,13.3
AspenValley,3969-3,NumStems,Timberline,1.7
AspenValley,3969-4,StemLength,Stanford,44
AspenValley,3969-4,StemLength,Mather,52
AspenValley,3969-4,StemLength,Timberline,25
AspenValley,3969-4,NumStems,Stanford,2.3
AspenValley,3969-4,NumStems,Mather,10.7
AspenValley,3969-4,NumStems,Timberline,2.3
AspenValley,3969-5,StemLength,Stanford,56
AspenValley,3969-5,StemLength,Mather,46
AspenValley,3969-5,StemLength,Timberline,20
AspenValley,3969-5,NumStems,Stanford,2.7
AspenValley,3969-5,NumStems,Mather,5
AspenValley,3969-5,NumStems,Timberline,0.7
AspenValley,3969-6,StemLength,Stanford,41
AspenValley,3969-6,StemLength,Mather,39
AspenValley,3969-6,StemLength,Timberline,29
AspenValley,3969-6,NumStems,Stanford,13.7
AspenValley,3969-6,NumStems,Mather,19.5
AspenValley,3969-6,NumStems,Timberline,5.3
AspenValley,3969-7,StemLength,Stanford,65
AspenValley,3969-7,StemLength,Mather,43
AspenValley,3969-7,StemLength,Timberline,25
AspenValley,3969-7,NumStems,Stanford,4
AspenValley,3969-7,NumStems,Mather,3.7
AspenValley,3969-7,NumStems,Timberline,2.3
AspenValley,3969-8,StemLength,Stanford,0
AspenValley,3969-8,StemLength,Mather,46
AspenValley,3969-8,StemLength,Timberline,31
AspenValley,3969-8,NumStems,Stanford,0
AspenValley,3969-8,NumStems,Mather,8.3
AspenValley,3969-8,NumStems,Timberline,2.7
AspenValley,3969-9,StemLength,Stanford,41
AspenValley,3969-9,StemLength,Mather,43
AspenValley,3969-9,StemLength,Timberline,14
AspenValley,3969-9,NumStems,Stanford,5
AspenValley,3969-9,NumStems,Mather,10
AspenValley,3969-9,NumStems,Timberline,1.3
AspenValley,3969-10,StemLength,Stanford,37
AspenValley,3969-10,StemLength,Mather,55
AspenValley,3969-10,StemLength,Timberline,34
AspenValley,3969-10,NumStems,Stanford,0.7
AspenValley,3969-10,NumStems,Mather,5
AspenValley,3969-10,NumStems,Timberline,3.3
AspenValley,3969-11,StemLength,Stanford,36
AspenValley,3969-11,StemLength,Mather,63
AspenValley,3969-11,StemLength,Timberline,33
AspenValley,3969-11,NumStems,Stanford,4
AspenValley,3969-11,NumStems,Mather,10.7
AspenValley,3969-11,NumStems,Timberline,2.3
AspenValley,3969-12,StemLength,Stanford,0
AspenValley,3969-12,StemLength,Mather,76
AspenValley,3969-12,StemLength,Timberline,0
AspenValley,3969-12,NumStems,Stanford,0
AspenValley,3969-12,NumStems,Mather,3.3
AspenValley,3969-12,NumStems,Timberline,0
AspenValley,3969-13,StemLength,Stanford,35
AspenValley,3969-13,StemLength,Mather,55
AspenValley,3969-13,StemLength,Timberline,34
AspenValley,3969-13,NumStems,Stanford,1.7
AspenValley,3969-13,NumStems,Mather,20.7
AspenValley,3969-13,NumStems,Timberline,2.3
AspenValley,3969-14,StemLength,Stanford,54
AspenValley,3969-14,StemLength,Mather,68
AspenValley,3969-14,StemLength,Timberline,26
AspenValley,3969-14,NumStems,Stanford,12.7
AspenValley,3969-14,NumStems,Mather,49.3
AspenValley,3969-14,NumStems,Timberline,0.7
AspenValley,3969-15,StemLength,Stanford,15
AspenValley,3969-15,StemLength,Mather,41
AspenValley,3969-15,StemLength,Timberline,23
AspenValley,3969-15,NumStems,Stanford,0.3
AspenValley,3969-15,NumStems,Mather,10
AspenValley,3969-15,NumStems,Timberline,1.7
AspenValley,3969-16,StemLength,Stanford,72
AspenValley,3969-16,StemLength,Mather,47
AspenValley,3969-16,StemLength,Timberline,0
AspenValley,3969-16,NumStems,Stanford,3
AspenValley,3969-16,NumStems,Mather,17.3
AspenValley,3969-16,NumStems,Timberline,0
AspenValley,3969-17,StemLength,Stanford,50
AspenValley,3969-17,StemLength,Mather,53
AspenValley,3969-17,StemLength,Timberline,31
AspenValley,3969-17,NumStems,Stanford,8
AspenValley,3969-17,NumStems,Mather,32.7
AspenValley,3969-17,NumStems,Timberline,1.3
AspenValley,3969-18,StemLength,Stanford,49
AspenValley,3969-18,StemLength,Mather,62
AspenValley,3969-18,StemLength,Timberline,15
AspenValley,3969-18,NumStems,Stanford,0.7
AspenValley,3969-18,NumStems,Mather,16.3
AspenValley,3969-18,NumStems,Timberline,0.3
AspenValley,3969-19,StemLength,Stanford,29
AspenValley,3969-19,StemLength,Mather,75
AspenValley,3969-19,StemLength,Timberline,0
AspenValley,3969-19,NumStems,Stanford,1
AspenValley,3969-19,NumStems,Mather,14
AspenValley,3969-19,NumStems,Timberline,0
AspenValley,3969-20,StemLength,Stanford,37
AspenValley,3969-20,StemLength,Mather,63
AspenValley,3969-20,StemLength,Timberline,40
AspenValley,3969-20,NumStems,Stanford,12
AspenValley,3969-20,NumStems,Mather,31.7
AspenValley,3969-20,NumStems,Timberline,2.7
AspenValley,3969-21,StemLength,Stanford,34
AspenValley,3969-21,StemLength,Mather,64
AspenValley,3969-21,StemLength,Timberline,0
AspenValley,3969-21,NumStems,Stanford,0.5
AspenValley,3969-21,NumStems,Mather,18.7
AspenValley,3969-21,NumStems,Timberline,0
AspenValley,3969-22,StemLength,Stanford,55
AspenValley,3969-22,StemLength,Mather,81
AspenValley,3969-22,StemLength,Timberline,34
AspenValley,3969-22,NumStems,Stanford,5.3
AspenValley,3969-22,NumStems,Mather,40.7
AspenValley,3969-22,NumStems,Timberline,3
AspenValley,3969-23,StemLength,Stanford,49
AspenValley,3969-23,StemLength,Mather,47
AspenValley,3969-23,StemLength,Timberline,0
AspenValley,3969-23,NumStems,Stanford,1.3
AspenValley,3969-23,NumStems,Mather,11.3
AspenValley,3969-23,NumStems,Timberline,0.5
AspenValley,3969-24,StemLength,Stanford,63
AspenValley,3969-24,StemLength,Mather,73
AspenValley,3969-24,StemLength,Timberline,10
AspenValley,3969-24,NumStems,Stanford,4.7
AspenValley,3969-24,NumStems,Mather,40
AspenValley,3969-24,NumStems,Timberline,0.3
AspenValley,3969-25,StemLength,Stanford,46
AspenValley,3969-25,StemLength,Mather,61
AspenValley,3969-25,StemLength,Timberline,21
AspenValley,3969-25,NumStems,Stanford,2.3
AspenValley,3969-25,NumStems,Mather,20.7
AspenValley,3969-25,NumStems,Timberline,1
AspenValley,3969-26,StemLength,Stanford,49
AspenValley,3969-26,StemLength,Mather,57
AspenValley,3969-26,StemLength,Timberline,0
AspenValley,3969-26,NumStems,Stanford,10.7
AspenValley,3969-26,NumStems,Mather,35
AspenValley,3969-26,NumStems,Timberline,0.5
AspenValley,3969-27,StemLength,Stanford,52
AspenValley,3969-27,StemLength,Mather,60
AspenValley,3969-27,StemLength,Timberline,22
AspenValley,3969-27,NumStems,Stanford,2.7
AspenValley,3969-27,NumStems,Mather,3.3
AspenValley,3969-27,NumStems,Timberline,2.7
AspenValley,3969-28,StemLength,Stanford,36
AspenValley,3969-28,StemLength,Mather,77
AspenValley,3969-28,StemLength,Timberline,0
AspenValley,3969-28,NumStems,Stanford,1
AspenValley,3969-28,NumStems,Mather,14.3
AspenValley,3969-28,NumStems,Timberline,0
AspenValley,3969-29,StemLength,Stanford,46
AspenValley,3969-29,StemLength,Mather,45
AspenValley,3969-29,StemLength,Timberline,0
AspenValley,3969-29,NumStems,Stanford,4
AspenValley,3969-29,NumStems,Mather,8.3
AspenValley,3969-29,NumStems,Timberline,0
AspenValley,3969-30,StemLength,Stanford,40
AspenValley,3969-30,StemLength,Mather,55
AspenValley,3969-30,StemLength,Timberline,0
AspenValley,3969-30,NumStems,Stanford,6
AspenValley,3969-30,NumStems,Mather,7.7
AspenValley,3969-30,NumStems,Timberline,0
BighornLake,3780-101,StemLength,Stanford,0
BighornLake,3780-101,StemLength,Mather,0
BighornLake,3780-101,StemLength,Timberline,16
BighornLake,3780-101,NumStems,Stanford,0
BighornLake,3780-101,NumStems,Mather,0
BighornLake,3780-101,NumStems,Timberline,0
BighornLake,3780-102,StemLength,Stanford,15
BighornLake,3780-102,StemLength,Mather,26
BighornLake,3780-102,StemLength,Timberline,20
BighornLake,3780-102,NumStems,Stanford,12.3
BighornLake,3780-102,NumStems,Mather,10
BighornLake,3780-102,NumStems,Timberline,1.7
BighornLake,3780-103,StemLength,Stanford,17
BighornLake,3780-103,StemLength,Mather,28
BighornLake,3780-103,StemLength,Timberline,0
BighornLake,3780-103,NumStems,Stanford,9.7
BighornLake,3780-103,NumStems,Mather,14
BighornLake,3780-103,NumStems,Timberline,0
BighornLake,3780-104,StemLength,Stanford,10
BighornLake,3780-104,StemLength,Mather,0
BighornLake,3780-104,StemLength,Timberline,22
BighornLake,3780-104,NumStems,Stanford,1.3
BighornLake,3780-104,NumStems,Mather,0
BighornLake,3780-104,NumStems,Timberline,5.3
BighornLake,3780-105,StemLength,Stanford,15
BighornLake,3780-105,StemLength,Mather,0
BighornLake,3780-105,StemLength,Timberline,23
BighornLake,3780-105,NumStems,Stanford,0.7
BighornLake,3780-105,NumStems,Mather,0
BighornLake,3780-105,NumStems,Timberline,3.3
BighornLake,3780-106,StemLength,Stanford,0
BighornLake,3780-106,StemLength,Mather,20
BighornLake,3780-106,StemLength,Timberline,25
BighornLake,3780-106,NumStems,Stanford,0
BighornLake,3780-106,NumStems,Mather,0.5
BighornLake,3780-106,NumStems,Timberline,0
BighornLake,3780-107,StemLength,Stanford,12
BighornLake,3780-107,StemLength,Mather,5
BighornLake,3780-107,StemLength,Timberline,27
BighornLake,3780-107,NumStems,Stanford,1.3
BighornLake,3780-107,NumStems,Mather,0.3
BighornLake,3780-107,NumStems,Timberline,2.7
BighornLake,3780-108,StemLength,Stanford,17
BighornLake,3780-108,StemLength,Mather,25
BighornLake,3780-108,StemLength,Timberline,27
BighornLake,3780-108,NumStems,Stanford,1.7
BighornLake,3780-108,NumStems,Mather,2
BighornLake,3780-108,NumStems,Timberline,6
BighornLake,3780-109,StemLength,Stanford,18
BighornLake,3780-109,StemLength,Mather,11
BighornLake,3780-109,StemLength,Timberline,28
BighornLake,3780-109,NumStems,Stanford,2.3
BighornLake,3780-109,NumStems,Mather,1
BighornLake,3780-109,NumStems,Timberline,4
BighornLake,3780-110,StemLength,Stanford,9
BighornLake,3780-110,StemLength,Mather,0
BighornLake,3780-110,StemLength,Timberline,25
BighornLake,3780-110,NumStems,Stanford,0.7
BighornLake,3780-110,NumStems,Mather,0
BighornLake,3780-110,NumStems,Timberline,0
BighornLake,3780-111,StemLength,Stanford,21
BighornLake,3780-111,StemLength,Mather,17
BighornLake,3780-111,StemLength,Timberline,16
BighornLake,3780-111,NumStems,Stanford,1
BighornLake,3780-111,NumStems,Mather,6
BighornLake,3780-111,NumStems,Timberline,2.7
BighornLake,3780-112,StemLength,Stanford,20
BighornLake,3780-112,StemLength,Mather,24
BighornLake,3780-112,StemLength,Timberline,31
BighornLake,3780-112,NumStems,Stanford,3.3
BighornLake,3780-112,NumStems,Mather,2.7
BighornLake,3780-112,NumStems,Timberline,4
Boega,3776-1,StemLength,Stanford,52
Boega,3776-1,StemLength,Mather,25
Boega,3776-1,StemLength,Timberline,0
Boega,3776-1,NumStems,Stanford,27
Boega,3776-1,NumStems,Mather,2
Boega,3776-1,NumStems,Timberline,0
Boega,3776-2,StemLength,Stanford,48
Boega,3776-2,StemLength,Mather,33
Boega,3776-2,StemLength,Timberline,0
Boega,3776-2,NumStems,Stanford,35
Boega,3776-2,NumStems,Mather,39
Boega,3776-2,NumStems,Timberline,0
Boega,3776-3,StemLength,Stanford,67
Boega,3776-3,StemLength,Mather,53
Boega,3776-3,StemLength,Timberline,0
Boega,3776-3,NumStems,Stanford,34
Boega,3776-3,NumStems,Mather,39
Boega,3776-3,NumStems,Timberline,0
Boega,3776-4,StemLength,Stanford,61
Boega,3776-4,StemLength,Mather,40
Boega,3776-4,StemLength,Timberline,0
Boega,3776-4,NumStems,Stanford,16
Boega,3776-4,NumStems,Mather,22
Boega,3776-4,NumStems,Timberline,0
Boega,3776-5,StemLength,Stanford,57
Boega,3776-5,StemLength,Mather,29
Boega,3776-5,StemLength,Timberline,0
Boega,3776-5,NumStems,Stanford,20
Boega,3776-5,NumStems,Mather,17
Boega,3776-5,NumStems,Timberline,0
Boega,3776-6,StemLength,Stanford,48
Boega,3776-6,StemLength,Mather,38
Boega,3776-6,StemLength,Timberline,0
Boega,3776-6,NumStems,Stanford,21
Boega,3776-6,NumStems,Mather,12
Boega,3776-6,NumStems,Timberline,0
Boega,3776-7,StemLength,Stanford,38
Boega,3776-7,StemLength,Mather,23
Boega,3776-7,StemLength,Timberline,0
Boega,3776-7,NumStems,Stanford,22
Boega,3776-7,NumStems,Mather,13
Boega,3776-7,NumStems,Timberline,0
Boega,3776-8,StemLength,Stanford,37
Boega,3776-8,StemLength,Mather,20
Boega,3776-8,StemLength,Timberline,0
Boega,3776-8,NumStems,Stanford,4
Boega,3776-8,NumStems,Mather,9
Boega,3776-8,NumStems,Timberline,0
Boega,3776-9,StemLength,Stanford,54
Boega,3776-9,StemLength,Mather,33
Boega,3776-9,StemLength,Timberline,0
Boega,3776-9,NumStems,Stanford,29
Boega,3776-9,NumStems,Mather,16
Boega,3776-9,NumStems,Timberline,0
Boega,3776-10,StemLength,Stanford,48
Boega,3776-10,StemLength,Mather,23
Boega,3776-10,StemLength,Timberline,0
Boega,3776-10,NumStems,Stanford,18
Boega,3776-10,NumStems,Mather,19
Boega,3776-10,NumStems,Timberline,0
Boega,3776-11,StemLength,Stanford,43
Boega,3776-11,StemLength,Mather,23
Boega,3776-11,StemLength,Timberline,0
Boega,3776-11,NumStems,Stanford,15
Boega,3776-11,NumStems,Mather,8
Boega,3776-11,NumStems,Timberline,0
Boega,3776-12,StemLength,Stanford,48
Boega,3776-12,StemLength,Mather,34
Boega,3776-12,StemLength,Timberline,0
Boega,3776-12,NumStems,Stanford,32
Boega,3776-12,NumStems,Mather,10
Boega,3776-12,NumStems,Timberline,0
Boega,3776-13,StemLength,Stanford,48
Boega,3776-13,StemLength,Mather,38
Boega,3776-13,StemLength,Timberline,0
Boega,3776-13,NumStems,Stanford,20
Boega,3776-13,NumStems,Mather,15
Boega,3776-13,NumStems,Timberline,0
Boega,3776-14,StemLength,Stanford,49
Boega,3776-14,StemLength,Mather,39
Boega,3776-14,StemLength,Timberline,0
Boega,3776-14,NumStems,Stanford,24
Boega,3776-14,NumStems,Mather,22
Boega,3776-14,NumStems,Timberline,0
Boega,3776-15,StemLength,Stanford,47
Boega,3776-15,StemLength,Mather,17
Boega,3776-15,StemLength,Timberline,0
Boega,3776-15,NumStems,Stanford,10
Boega,3776-15,NumStems,Mather,2
Boega,3776-15,NumStems,Timberline,0
Boega,3776-16,StemLength,Stanford,54
Boega,3776-16,StemLength,Mather,35
Boega,3776-16,StemLength,Timberline,0
Boega,3776-16,NumStems,Stanford,29
Boega,3776-16,NumStems,Mather,11
Boega,3776-16,NumStems,Timberline,0
Boega,3776-17,StemLength,Stanford,46
Boega,3776-17,StemLength,Mather,25
Boega,3776-17,StemLength,Timberline,0
Boega,3776-17,NumStems,Stanford,18
Boega,3776-17,NumStems,Mather,20
Boega,3776-17,NumStems,Timberline,0
Boega,3776-18,StemLength,Stanford,37
Boega,3776-18,StemLength,Mather,21
Boega,3776-18,StemLength,Timberline,0
Boega,3776-18,NumStems,Stanford,19
Boega,3776-18,NumStems,Mather,8
Boega,3776-18,NumStems,Timberline,0
Boega,3776-19,StemLength,Stanford,52
Boega,3776-19,StemLength,Mather,50
Boega,3776-19,StemLength,Timberline,0
Boega,3776-19,NumStems,Stanford,14
Boega,3776-19,NumStems,Mather,64
Boega,3776-19,NumStems,Timberline,0
Boega,3776-21,StemLength,Stanford,65
Boega,3776-21,StemLength,Mather,34
Boega,3776-21,StemLength,Timberline,0
Boega,3776-21,NumStems,Stanford,15
Boega,3776-21,NumStems,Mather,24
Boega,3776-21,NumStems,Timberline,0
Boega,3776-22,StemLength,Stanford,69
Boega,3776-22,StemLength,Mather,41
Boega,3776-22,StemLength,Timberline,0
Boega,3776-22,NumStems,Stanford,32
Boega,3776-22,NumStems,Mather,23
Boega,3776-22,NumStems,Timberline,0
Boega,3776-23,StemLength,Stanford,40
Boega,3776-23,StemLength,Mather,35
Boega,3776-23,StemLength,Timberline,0
Boega,3776-23,NumStems,Stanford,7
Boega,3776-23,NumStems,Mather,47
Boega,3776-23,NumStems,Timberline,0
Boega,3776-24,StemLength,Stanford,45
Boega,3776-24,StemLength,Mather,29
Boega,3776-24,StemLength,Timberline,0
Boega,3776-24,NumStems,Stanford,9
Boega,3776-24,NumStems,Mather,9
Boega,3776-24,NumStems,Timberline,0
Boega,3776-25,StemLength,Stanford,42
Boega,3776-25,StemLength,Mather,21
Boega,3776-25,StemLength,Timberline,0
Boega,3776-25,NumStems,Stanford,7
Boega,3776-25,NumStems,Mather,3
Boega,3776-25,NumStems,Timberline,0
Boega,3776-26,StemLength,Stanford,63
Boega,3776-26,StemLength,Mather,0
Boega,3776-26,StemLength,Timberline,0
Boega,3776-26,NumStems,Stanford,6
Boega,3776-26,NumStems,Mather,0
Boega,3776-26,NumStems,Timberline,0
Boega,3776-27,StemLength,Stanford,42
Boega,3776-27,StemLength,Mather,35
Boega,3776-27,StemLength,Timberline,0
Boega,3776-27,NumStems,Stanford,16
Boega,3776-27,NumStems,Mather,33
Boega,3776-27,NumStems,Timberline,0
Boega,3776-28,StemLength,Stanford,30
Boega,3776-28,StemLength,Mather,18
Boega,3776-28,StemLength,Timberline,0
Boega,3776-28,NumStems,Stanford,14
Boega,3776-28,NumStems,Mather,0.3
Boega,3776-28,NumStems,Timberline,0
Boega,3776-29,StemLength,Stanford,22
Boega,3776-29,StemLength,Mather,34
Boega,3776-29,StemLength,Timberline,0
Boega,3776-29,NumStems,Stanford,23
Boega,3776-29,NumStems,Mather,21
Boega,3776-29,NumStems,Timberline,0
Boega,3776-30,StemLength,Stanford,50
Boega,3776-30,StemLength,Mather,18
Boega,3776-30,StemLength,Timberline,0
Boega,3776-30,NumStems,Stanford,16
Boega,3776-30,NumStems,Mather,18
Boega,3776-30,NumStems,Timberline,0
Boega,3776-31,StemLength,Stanford,65
Boega,3776-31,StemLength,Mather,0
Boega,3776-31,StemLength,Timberline,0
Boega,3776-31,NumStems,Stanford,34
Boega,3776-31,NumStems,Mather,0
Boega,3776-31,NumStems,Timberline,0
Clayton,3965-1,StemLength,Stanford,68
Clayton,3965-1,StemLength,Mather,0
Clayton,3965-1,StemLength,Timberline,0
Clayton,3965-1,NumStems,Stanford,9.3
Clayton,3965-1,NumStems,Mather,0
Clayton,3965-1,NumStems,Timberline,0
Clayton,3965-2,StemLength,Stanford,79
Clayton,3965-2,StemLength,Mather,0
Clayton,3965-2,StemLength,Timberline,0
Clayton,3965-2,NumStems,Stanford,21.3
Clayton,3965-2,NumStems,Mather,0
Clayton,3965-2,NumStems,Timberline,0
Clayton,3965-3,StemLength,Stanford,68
Clayton,3965-3,StemLength,Mather,33
Clayton,3965-3,StemLength,Timberline,0
Clayton,3965-3,NumStems,Stanford,18
Clayton,3965-3,NumStems,Mather,6.7
Clayton,3965-3,NumStems,Timberline,0
Clayton,3965-4,StemLength,Stanford,74
Clayton,3965-4,StemLength,Mather,28
Clayton,3965-4,StemLength,Timberline,0
Clayton,3965-4,NumStems,Stanford,12
Clayton,3965-4,NumStems,Mather,7.5
Clayton,3965-4,NumStems,Timberline,0
Clayton,3965-5,StemLength,Stanford,69
Clayton,3965-5,StemLength,Mather,43
Clayton,3965-5,StemLength,Timberline,0
Clayton,3965-5,NumStems,Stanford,19.7
Clayton,3965-5,NumStems,Mather,19
Clayton,3965-5,NumStems,Timberline,0
Clayton,3965-6,StemLength,Stanford,55
Clayton,3965-6,StemLength,Mather,0
Clayton,3965-6,StemLength,Timberline,0
Clayton,3965-6,NumStems,Stanford,12.3
Clayton,3965-6,NumStems,Mather,0
Clayton,3965-6,NumStems,Timberline,0
Clayton,3965-7,StemLength,Stanford,61
Clayton,3965-7,StemLength,Mather,47
Clayton,3965-7,StemLength,Timberline,0
Clayton,3965-7,NumStems,Stanford,15.7
Clayton,3965-7,NumStems,Mather,11.5
Clayton,3965-7,NumStems,Timberline,0
Clayton,3965-8,StemLength,Stanford,65
Clayton,3965-8,StemLength,Mather,36
Clayton,3965-8,StemLength,Timberline,0
Clayton,3965-8,NumStems,Stanford,17.7
Clayton,3965-8,NumStems,Mather,1.7
Clayton,3965-8,NumStems,Timberline,0
Clayton,3965-9,StemLength,Stanford,59
Clayton,3965-9,StemLength,Mather,0
Clayton,3965-9,StemLength,Timberline,0
Clayton,3965-9,NumStems,Stanford,9.3
Clayton,3965-9,NumStems,Mather,0
Clayton,3965-9,NumStems,Timberline,0
Clayton,3965-10,StemLength,Stanford,72
Clayton,3965-10,StemLength,Mather,0
Clayton,3965-10,StemLength,Timberline,0
Clayton,3965-10,NumStems,Stanford,15.3
Clayton,3965-10,NumStems,Mather,0
Clayton,3965-10,NumStems,Timberline,0
Clayton,3965-11,StemLength,Stanford,76
Clayton,3965-11,StemLength,Mather,30
Clayton,3965-11,StemLength,Timberline,0
Clayton,3965-11,NumStems,Stanford,17
Clayton,3965-11,NumStems,Mather,2
Clayton,3965-11,NumStems,Timberline,0
Clayton,3965-12,StemLength,Stanford,77
Clayton,3965-12,StemLength,Mather,44
Clayton,3965-12,StemLength,Timberline,0
Clayton,3965-12,NumStems,Stanford,12
Clayton,3965-12,NumStems,Mather,4
Clayton,3965-12,NumStems,Timberline,0
Clayton,3965-13,StemLength,Stanford,84
Clayton,3965-13,StemLength,Mather,50
Clayton,3965-13,StemLength,Timberline,0
Clayton,3965-13,NumStems,Stanford,19.3
Clayton,3965-13,NumStems,Mather,4.7
Clayton,3965-13,NumStems,Timberline,0
Clayton,3965-14,StemLength,Stanford,71
Clayton,3965-14,StemLength,Mather,42
Clayton,3965-14,StemLength,Timberline,0
Clayton,3965-14,NumStems,Stanford,20
Clayton,3965-14,NumStems,Mather,16
Clayton,3965-14,NumStems,Timberline,0
Clayton,3965-15,StemLength,Stanford,78
Clayton,3965-15,StemLength,Mather,37
Clayton,3965-15,StemLength,Timberline,0
Clayton,3965-15,NumStems,Stanford,21
Clayton,3965-15,NumStems,Mather,12
Clayton,3965-15,NumStems,Timberline,0
Clayton,3965-16,StemLength,Stanford,64
Clayton,3965-16,StemLength,Mather,22
Clayton,3965-16,StemLength,Timberline,0
Clayton,3965-16,NumStems,Stanford,12
Clayton,3965-16,NumStems,Mather,3
Clayton,3965-16,NumStems,Timberline,0
Clayton,3965-17,StemLength,Stanford,72
Clayton,3965-17,StemLength,Mather,33
Clayton,3965-17,StemLength,Timberline,0
Clayton,3965-17,NumStems,Stanford,10
Clayton,3965-17,NumStems,Mather,4
Clayton,3965-17,NumStems,Timberline,0
Clayton,3965-18,StemLength,Stanford,79
Clayton,3965-18,StemLength,Mather,48
Clayton,3965-18,StemLength,Timberline,0
Clayton,3965-18,NumStems,Stanford,18.3
Clayton,3965-18,NumStems,Mather,20
Clayton,3965-18,NumStems,Timberline,0
Clayton,3965-19,StemLength,Stanford,63
Clayton,3965-19,StemLength,Mather,42
Clayton,3965-19,StemLength,Timberline,0
Clayton,3965-19,NumStems,Stanford,15
Clayton,3965-19,NumStems,Mather,9
Clayton,3965-19,NumStems,Timberline,0
Clayton,3965-20,StemLength,Stanford,73
Clayton,3965-20,StemLength,Mather,35
Clayton,3965-20,StemLength,Timberline,0
Clayton,3965-20,NumStems,Stanford,26.3
Clayton,3965-20,NumStems,Mather,3.7
Clayton,3965-20,NumStems,Timberline,0
Clayton,3965-21,StemLength,Stanford,82
Clayton,3965-21,StemLength,Mather,43
Clayton,3965-21,StemLength,Timberline,0
Clayton,3965-21,NumStems,Stanford,21
Clayton,3965-21,NumStems,Mather,4.5
Clayton,3965-21,NumStems,Timberline,0
Clayton,3965-22,StemLength,Stanford,76
Clayton,3965-22,StemLength,Mather,41
Clayton,3965-22,StemLength,Timberline,0
Clayton,3965-22,NumStems,Stanford,38.7
Clayton,3965-22,NumStems,Mather,15.7
Clayton,3965-22,NumStems,Timberline,0
Clayton,3965-23,StemLength,Stanford,59
Clayton,3965-23,StemLength,Mather,32
Clayton,3965-23,StemLength,Timberline,0
Clayton,3965-23,NumStems,Stanford,11.7
Clayton,3965-23,NumStems,Mather,6
Clayton,3965-23,NumStems,Timberline,0
Clayton,3965-24,StemLength,Stanford,69
Clayton,3965-24,StemLength,Mather,57
Clayton,3965-24,StemLength,Timberline,0
Clayton,3965-24,NumStems,Stanford,8
Clayton,3965-24,NumStems,Mather,9.3
Clayton,3965-24,NumStems,Timberline,0
Clayton,3965-25,StemLength,Stanford,75
Clayton,3965-25,StemLength,Mather,31
Clayton,3965-25,StemLength,Timberline,0
Clayton,3965-25,NumStems,Stanford,12.3
Clayton,3965-25,NumStems,Mather,5.3
Clayton,3965-25,NumStems,Timberline,0
Clayton,3965-26,StemLength,Stanford,83
Clayton,3965-26,StemLength,Mather,46
Clayton,3965-26,StemLength,Timberline,0
Clayton,3965-26,NumStems,Stanford,8.3
Clayton,3965-26,NumStems,Mather,8.7
Clayton,3965-26,NumStems,Timberline,0
Clayton,3965-27,StemLength,Stanford,75
Clayton,3965-27,StemLength,Mather,45
Clayton,3965-27,StemLength,Timberline,0
Clayton,3965-27,NumStems,Stanford,22.7
Clayton,3965-27,NumStems,Mather,14
Clayton,3965-27,NumStems,Timberline,0
Clayton,3965-28,StemLength,Stanford,65
Clayton,3965-28,StemLength,Mather,33
Clayton,3965-28,StemLength,Timberline,0
Clayton,3965-28,NumStems,Stanford,23
Clayton,3965-28,NumStems,Mather,8
Clayton,3965-28,NumStems,Timberline,0
Clayton,3965-29,StemLength,Stanford,49
Clayton,3965-29,StemLength,Mather,13
Clayton,3965-29,StemLength,Timberline,0
Clayton,3965-29,NumStems,Stanford,7.5
Clayton,3965-29,NumStems,Mather,6
Clayton,3965-29,NumStems,Timberline,0
Clayton,3965-30,StemLength,Stanford,62
Clayton,3965-30,StemLength,Mather,22
Clayton,3965-30,StemLength,Timberline,0
Clayton,3965-30,NumStems,Stanford,7.7
Clayton,3965-30,NumStems,Mather,8
Clayton,3965-30,NumStems,Timberline,0
Grovelan,3967-1,StemLength,Stanford,86
Grovelan,3967-1,StemLength,Mather,41
Grovelan,3967-1,StemLength,Timberline,0
Grovelan,3967-1,NumStems,Stanford,20.7
Grovelan,3967-1,NumStems,Mather,4.5
Grovelan,3967-1,NumStems,Timberline,0
Grovelan,3967-2,StemLength,Stanford,93
Grovelan,3967-2,StemLength,Mather,62
Grovelan,3967-2,StemLength,Timberline,0
Grovelan,3967-2,NumStems,Stanford,14
Grovelan,3967-2,NumStems,Mather,20.3
Grovelan,3967-2,NumStems,Timberline,0
Grovelan,3967-3,StemLength,Stanford,77
Grovelan,3967-3,StemLength,Mather,61
Grovelan,3967-3,StemLength,Timberline,0
Grovelan,3967-3,NumStems,Stanford,8.7
Grovelan,3967-3,NumStems,Mather,39.5
Grovelan,3967-3,NumStems,Timberline,0
Grovelan,3967-4,StemLength,Stanford,111
Grovelan,3967-4,StemLength,Mather,72
Grovelan,3967-4,StemLength,Timberline,23
Grovelan,3967-4,NumStems,Stanford,19.3
Grovelan,3967-4,NumStems,Mather,24.3
Grovelan,3967-4,NumStems,Timberline,2
Grovelan,3967-5,StemLength,Stanford,94
Grovelan,3967-5,StemLength,Mather,60
Grovelan,3967-5,StemLength,Timberline,15
Grovelan,3967-5,NumStems,Stanford,14.3
Grovelan,3967-5,NumStems,Mather,17.5
Grovelan,3967-5,NumStems,Timberline,1.7
Grovelan,3967-6,StemLength,Stanford,83
Grovelan,3967-6,StemLength,Mather,55
Grovelan,3967-6,StemLength,Timberline,0
Grovelan,3967-6,NumStems,Stanford,16.3
Grovelan,3967-6,NumStems,Mather,14.3
Grovelan,3967-6,NumStems,Timberline,0
Grovelan,3967-7,StemLength,Stanford,87
Grovelan,3967-7,StemLength,Mather,55
Grovelan,3967-7,StemLength,Timberline,9
Grovelan,3967-7,NumStems,Stanford,20.7
Grovelan,3967-7,NumStems,Mather,8.7
Grovelan,3967-7,NumStems,Timberline,1.5
Grovelan,3967-8,StemLength,Stanford,69
Grovelan,3967-8,StemLength,Mather,36
Grovelan,3967-8,StemLength,Timberline,0
Grovelan,3967-8,NumStems,Stanford,15.7
Grovelan,3967-8,NumStems,Mather,15
Grovelan,3967-8,NumStems,Timberline,0
Grovelan,3967-9,StemLength,Stanford,75
Grovelan,3967-9,StemLength,Mather,53
Grovelan,3967-9,StemLength,Timberline,9
Grovelan,3967-9,NumStems,Stanford,5
Grovelan,3967-9,NumStems,Mather,14
Grovelan,3967-9,NumStems,Timberline,1
Grovelan,3967-10,StemLength,Stanford,69
Grovelan,3967-10,StemLength,Mather,62
Grovelan,3967-10,StemLength,Timberline,7
Grovelan,3967-10,NumStems,Stanford,8.3
Grovelan,3967-10,NumStems,Mather,7
Grovelan,3967-10,NumStems,Timberline,0.5
Grovelan,3967-11,StemLength,Stanford,98
Grovelan,3967-11,StemLength,Mather,72
Grovelan,3967-11,StemLength,Timberline,5
Grovelan,3967-11,NumStems,Stanford,21.3
Grovelan,3967-11,NumStems,Mather,13
Grovelan,3967-11,NumStems,Timberline,0
Grovelan,3967-12,StemLength,Stanford,87
Grovelan,3967-12,StemLength,Mather,29
Grovelan,3967-12,StemLength,Timberline,24
Grovelan,3967-12,NumStems,Stanford,12.5
Grovelan,3967-12,NumStems,Mather,3.5
Grovelan,3967-12,NumStems,Timberline,3.3
Grovelan,3967-13,StemLength,Stanford,79
Grovelan,3967-13,StemLength,Mather,60
Grovelan,3967-13,StemLength,Timberline,0
Grovelan,3967-13,NumStems,Stanford,12.3
Grovelan,3967-13,NumStems,Mather,21.3
Grovelan,3967-13,NumStems,Timberline,0
Grovelan,3967-14,StemLength,Stanford,77
Grovelan,3967-14,StemLength,Mather,45
Grovelan,3967-14,StemLength,Timberline,24
Grovelan,3967-14,NumStems,Stanford,17
Grovelan,3967-14,NumStems,Mather,14
Grovelan,3967-14,NumStems,Timberline,1.5
Grovelan,3967-15,StemLength,Stanford,76
Grovelan,3967-15,StemLength,Mather,62
Grovelan,3967-15,StemLength,Timberline,30
Grovelan,3967-15,NumStems,Stanford,17.3
Grovelan,3967-15,NumStems,Mather,15
Grovelan,3967-15,NumStems,Timberline,2
Grovelan,3967-16,StemLength,Stanford,93
Grovelan,3967-16,StemLength,Mather,72
Grovelan,3967-16,StemLength,Timberline,0
Grovelan,3967-16,NumStems,Stanford,13.3
Grovelan,3967-16,NumStems,Mather,21.3
Grovelan,3967-16,NumStems,Timberline,0
Grovelan,3967-17,StemLength,Stanford,81
Grovelan,3967-17,StemLength,Mather,0
Grovelan,3967-17,StemLength,Timberline,0
Grovelan,3967-17,NumStems,Stanford,14
Grovelan,3967-17,NumStems,Mather,0
Grovelan,3967-17,NumStems,Timberline,0
Grovelan,3967-18,StemLength,Stanford,69
Grovelan,3967-18,StemLength,Mather,49
Grovelan,3967-18,StemLength,Timberline,0
Grovelan,3967-18,NumStems,Stanford,10.7
Grovelan,3967-18,NumStems,Mather,13.3
Grovelan,3967-18,NumStems,Timberline,0
Grovelan,3967-19,StemLength,Stanford,61
Grovelan,3967-19,StemLength,Mather,73
Grovelan,3967-19,StemLength,Timberline,0
Grovelan,3967-19,NumStems,Stanford,9.7
Grovelan,3967-19,NumStems,Mather,7
Grovelan,3967-19,NumStems,Timberline,0
Grovelan,3967-20,StemLength,Stanford,86
Grovelan,3967-20,StemLength,Mather,69
Grovelan,3967-20,StemLength,Timberline,17
Grovelan,3967-20,NumStems,Stanford,17.5
Grovelan,3967-20,NumStems,Mather,41.3
Grovelan,3967-20,NumStems,Timberline,0.3
Grovelan,3967-21,StemLength,Stanford,88
Grovelan,3967-21,StemLength,Mather,58
Grovelan,3967-21,StemLength,Timberline,9
Grovelan,3967-21,NumStems,Stanford,11.7
Grovelan,3967-21,NumStems,Mather,39.3
Grovelan,3967-21,NumStems,Timberline,1
Grovelan,3967-22,StemLength,Stanford,108
Grovelan,3967-22,StemLength,Mather,65
Grovelan,3967-22,StemLength,Timberline,0
Grovelan,3967-22,NumStems,Stanford,13.3
Grovelan,3967-22,NumStems,Mather,23
Grovelan,3967-22,NumStems,Timberline,0
Grovelan,3967-23,StemLength,Stanford,99
Grovelan,3967-23,StemLength,Mather,64
Grovelan,3967-23,StemLength,Timberline,0
Grovelan,3967-23,NumStems,Stanford,10
Grovelan,3967-23,NumStems,Mather,17
Grovelan,3967-23,NumStems,Timberline,0
Grovelan,3967-24,StemLength,Stanford,73
Grovelan,3967-24,StemLength,Mather,58
Grovelan,3967-24,StemLength,Timberline,0
Grovelan,3967-24,NumStems,Stanford,7.5
Grovelan,3967-24,NumStems,Mather,33.7
Grovelan,3967-24,NumStems,Timberline,0
Grovelan,3967-25,StemLength,Stanford,86
Grovelan,3967-25,StemLength,Mather,65
Grovelan,3967-25,StemLength,Timberline,0
Grovelan,3967-25,NumStems,Stanford,29
Grovelan,3967-25,NumStems,Mather,58.7
Grovelan,3967-25,NumStems,Timberline,0
Grovelan,3967-26,StemLength,Stanford,70
Grovelan,3967-26,StemLength,Mather,60
Grovelan,3967-26,StemLength,Timberline,0
Grovelan,3967-26,NumStems,Stanford,12.5
Grovelan,3967-26,NumStems,Mather,39.3
Grovelan,3967-26,NumStems,Timberline,0
Grovelan,3967-27,StemLength,Stanford,84
Grovelan,3967-27,StemLength,Mather,63
Grovelan,3967-27,StemLength,Timberline,0
Grovelan,3967-27,NumStems,Stanford,14
Grovelan,3967-27,NumStems,Mather,61
Grovelan,3967-27,NumStems,Timberline,0
Grovelan,3967-28,StemLength,Stanford,84
Grovelan,3967-28,StemLength,Mather,51
Grovelan,3967-28,StemLength,Timberline,14
Grovelan,3967-28,NumStems,Stanford,37.3
Grovelan,3967-28,NumStems,Mather,25
Grovelan,3967-28,NumStems,Timberline,2.7
Grovelan,3967-29,StemLength,Stanford,76
Grovelan,3967-29,StemLength,Mather,56
Grovelan,3967-29,StemLength,Timberline,0
Grovelan,3967-29,NumStems,Stanford,30.5
Grovelan,3967-29,NumStems,Mather,27
Grovelan,3967-29,NumStems,Timberline,0
Grovelan,3967-30,StemLength,Stanford,90
Grovelan,3967-30,StemLength,Mather,0
Grovelan,3967-30,StemLength,Timberline,0
Grovelan,3967-30,NumStems,Stanford,18
Grovelan,3967-30,NumStems,Mather,0
Grovelan,3967-30,NumStems,Timberline,0
KnightsFerry,3966-1,StemLength,Stanford,78
KnightsFerry,3966-1,StemLength,Mather,0
KnightsFerry,3966-1,StemLength,Timberline,0
KnightsFerry,3966-1,NumStems,Stanford,14.7
KnightsFerry,3966-1,NumStems,Mather,0
KnightsFerry,3966-1,NumStems,Timberline,0
KnightsFerry,3966-2,StemLength,Stanford,77
KnightsFerry,3966-2,StemLength,Mather,28
KnightsFerry,3966-2,StemLength,Timberline,0
KnightsFerry,3966-2,NumStems,Stanford,34.7
KnightsFerry,3966-2,NumStems,Mather,17
KnightsFerry,3966-2,NumStems,Timberline,0
KnightsFerry,3966-3,StemLength,Stanford,68
KnightsFerry,3966-3,StemLength,Mather,48
KnightsFerry,3966-3,StemLength,Timberline,0
KnightsFerry,3966-3,NumStems,Stanford,14.7
KnightsFerry,3966-3,NumStems,Mather,10
KnightsFerry,3966-3,NumStems,Timberline,0
KnightsFerry,3966-4,StemLength,Stanford,77
KnightsFerry,3966-4,StemLength,Mather,0
KnightsFerry,3966-4,StemLength,Timberline,0
KnightsFerry,3966-4,NumStems,Stanford,12.7
KnightsFerry,3966-4,NumStems,Mather,0
KnightsFerry,3966-4,NumStems,Timberline,0
KnightsFerry,3966-5,StemLength,Stanford,74
KnightsFerry,3966-5,StemLength,Mather,46
KnightsFerry,3966-5,StemLength,Timberline,0
KnightsFerry,3966-5,NumStems,Stanford,13
KnightsFerry,3966-5,NumStems,Mather,7
KnightsFerry,3966-5,NumStems,Timberline,0
KnightsFerry,3966-6,StemLength,Stanford,69
KnightsFerry,3966-6,StemLength,Mather,36
KnightsFerry,3966-6,StemLength,Timberline,0
KnightsFerry,3966-6,NumStems,Stanford,37
KnightsFerry,3966-6,NumStems,Mather,22
KnightsFerry,3966-6,NumStems,Timberline,0
KnightsFerry,3966-7,StemLength,Stanford,85
KnightsFerry,3966-7,StemLength,Mather,37
KnightsFerry,3966-7,StemLength,Timberline,0
KnightsFerry,3966-7,NumStems,Stanford,27
KnightsFerry,3966-7,NumStems,Mather,8
KnightsFerry,3966-7,NumStems,Timberline,0
KnightsFerry,3966-8,StemLength,Stanford,73
KnightsFerry,3966-8,StemLength,Mather,28
KnightsFerry,3966-8,StemLength,Timberline,0
KnightsFerry,3966-8,NumStems,Stanford,29.7
KnightsFerry,3966-8,NumStems,Mather,14
KnightsFerry,3966-8,NumStems,Timberline,0
KnightsFerry,3966-9,StemLength,Stanford,99
KnightsFerry,3966-9,StemLength,Mather,18
KnightsFerry,3966-9,StemLength,Timberline,0
KnightsFerry,3966-9,NumStems,Stanford,24.7
KnightsFerry,3966-9,NumStems,Mather,4
KnightsFerry,3966-9,NumStems,Timberline,0
KnightsFerry,3966-10,StemLength,Stanford,99
KnightsFerry,3966-10,StemLength,Mather,35
KnightsFerry,3966-10,StemLength,Timberline,0
KnightsFerry,3966-10,NumStems,Stanford,29.3
KnightsFerry,3966-10,NumStems,Mather,2
KnightsFerry,3966-10,NumStems,Timberline,0
KnightsFerry,3966-11,StemLength,Stanford,69
KnightsFerry,3966-11,StemLength,Mather,33
KnightsFerry,3966-11,StemLength,Timberline,0
KnightsFerry,3966-11,NumStems,Stanford,25
KnightsFerry,3966-11,NumStems,Mather,23
KnightsFerry,3966-11,NumStems,Timberline,0
KnightsFerry,3966-12,StemLength,Stanford,88
KnightsFerry,3966-12,StemLength,Mather,18
KnightsFerry,3966-12,StemLength,Timberline,0
KnightsFerry,3966-12,NumStems,Stanford,17.7
KnightsFerry,3966-12,NumStems,Mather,8
KnightsFerry,3966-12,NumStems,Timberline,0
KnightsFerry,3966-13,StemLength,Stanford,92
KnightsFerry,3966-13,StemLength,Mather,27
KnightsFerry,3966-13,StemLength,Timberline,0
KnightsFerry,3966-13,NumStems,Stanford,30.7
KnightsFerry,3966-13,NumStems,Mather,4.5
KnightsFerry,3966-13,NumStems,Timberline,0
KnightsFerry,3966-14,StemLength,Stanford,71
KnightsFerry,3966-14,StemLength,Mather,0
KnightsFerry,3966-14,StemLength,Timberline,0
KnightsFerry,3966-14,NumStems,Stanford,47.3
KnightsFerry,3966-14,NumStems,Mather,0
KnightsFerry,3966-14,NumStems,Timberline,0
KnightsFerry,3966-15,StemLength,Stanford,76
KnightsFerry,3966-15,StemLength,Mather,40
KnightsFerry,3966-15,StemLength,Timberline,0
KnightsFerry,3966-15,NumStems,Stanford,22.3
KnightsFerry,3966-15,NumStems,Mather,7.5
KnightsFerry,3966-15,NumStems,Timberline,0
KnightsFerry,3966-16,StemLength,Stanford,48
KnightsFerry,3966-16,StemLength,Mather,39
KnightsFerry,3966-16,StemLength,Timberline,0
KnightsFerry,3966-16,NumStems,Stanford,15.5
KnightsFerry,3966-16,NumStems,Mather,8.5
KnightsFerry,3966-16,NumStems,Timberline,0
KnightsFerry,3966-17,StemLength,Stanford,90
KnightsFerry,3966-17,StemLength,Mather,25
KnightsFerry,3966-17,StemLength,Timberline,0
KnightsFerry,3966-17,NumStems,Stanford,18
KnightsFerry,3966-17,NumStems,Mather,2
KnightsFerry,3966-17,NumStems,Timberline,0
KnightsFerry,3966-18,StemLength,Stanford,67
KnightsFerry,3966-18,StemLength,Mather,49
KnightsFerry,3966-18,StemLength,Timberline,0
KnightsFerry,3966-18,NumStems,Stanford,19.5
KnightsFerry,3966-18,NumStems,Mather,2.5
KnightsFerry,3966-18,NumStems,Timberline,0
KnightsFerry,3966-19,StemLength,Stanford,87
KnightsFerry,3966-19,StemLength,Mather,29
KnightsFerry,3966-19,StemLength,Timberline,0
KnightsFerry,3966-19,NumStems,Stanford,22
KnightsFerry,3966-19,NumStems,Mather,2
KnightsFerry,3966-19,NumStems,Timberline,0
KnightsFerry,3966-20,StemLength,Stanford,119
KnightsFerry,3966-20,StemLength,Mather,44
KnightsFerry,3966-20,StemLength,Timberline,0
KnightsFerry,3966-20,NumStems,Stanford,48.3
KnightsFerry,3966-20,NumStems,Mather,4.3
KnightsFerry,3966-20,NumStems,Timberline,0
KnightsFerry,3966-21,StemLength,Stanford,81
KnightsFerry,3966-21,StemLength,Mather,36
KnightsFerry,3966-21,StemLength,Timberline,0
KnightsFerry,3966-21,NumStems,Stanford,35.7
KnightsFerry,3966-21,NumStems,Mather,4.5
KnightsFerry,3966-21,NumStems,Timberline,0
KnightsFerry,3966-22,StemLength,Stanford,88
KnightsFerry,3966-22,StemLength,Mather,31
KnightsFerry,3966-22,StemLength,Timberline,0
KnightsFerry,3966-22,NumStems,Stanford,27.3
KnightsFerry,3966-22,NumStems,Mather,6
KnightsFerry,3966-22,NumStems,Timberline,0
KnightsFerry,3966-23,StemLength,Stanford,71
KnightsFerry,3966-23,StemLength,Mather,48
KnightsFerry,3966-23,StemLength,Timberline,0
KnightsFerry,3966-23,NumStems,Stanford,22
KnightsFerry,3966-23,NumStems,Mather,13.5
KnightsFerry,3966-23,NumStems,Timberline,0
KnightsFerry,3966-24,StemLength,Stanford,88
KnightsFerry,3966-24,StemLength,Mather,41
KnightsFerry,3966-24,StemLength,Timberline,0
KnightsFerry,3966-24,NumStems,Stanford,24
KnightsFerry,3966-24,NumStems,Mather,8
KnightsFerry,3966-24,NumStems,Timberline,0
KnightsFerry,3966-25,StemLength,Stanford,75
KnightsFerry,3966-25,StemLength,Mather,44
KnightsFerry,3966-25,StemLength,Timberline,0
KnightsFerry,3966-25,NumStems,Stanford,18
KnightsFerry,3966-25,NumStems,Mather,11
KnightsFerry,3966-25,NumStems,Timberline,0
KnightsFerry,3966-26,StemLength,Stanford,69
KnightsFerry,3966-26,StemLength,Mather,38
KnightsFerry,3966-26,StemLength,Timberline,0
KnightsFerry,3966-26,NumStems,Stanford,23.3
KnightsFerry,3966-26,NumStems,Mather,10.5
KnightsFerry,3966-26,NumStems,Timberline,0
KnightsFerry,3966-27,StemLength,Stanford,84
KnightsFerry,3966-27,StemLength,Mather,48
KnightsFerry,3966-27,StemLength,Timberline,0
KnightsFerry,3966-27,NumStems,Stanford,29.3
KnightsFerry,3966-27,NumStems,Mather,19.3
KnightsFerry,3966-27,NumStems,Timberline,0
KnightsFerry,3966-28,StemLength,Stanford,79
KnightsFerry,3966-28,StemLength,Mather,32
KnightsFerry,3966-28,StemLength,Timberline,0
KnightsFerry,3966-28,NumStems,Stanford,21
KnightsFerry,3966-28,NumStems,Mather,2.3
KnightsFerry,3966-28,NumStems,Timberline,0
KnightsFerry,3966-29,StemLength,Stanford,70
KnightsFerry,3966-29,StemLength,Mather,46
KnightsFerry,3966-29,StemLength,Timberline,0
KnightsFerry,3966-29,NumStems,Stanford,24
KnightsFerry,3966-29,NumStems,Mather,11
KnightsFerry,3966-29,NumStems,Timberline,0
KnightsFerry,3966-30,StemLength,Stanford,65
KnightsFerry,3966-30,StemLength,Mather,44
KnightsFerry,3966-30,StemLength,Timberline,0
KnightsFerry,3966-30,NumStems,Stanford,21
KnightsFerry,3966-30,NumStems,Mather,9.3
KnightsFerry,3966-30,NumStems,Timberline,0
Mather,3778-1,StemLength,Stanford,89
Mather,3778-1,StemLength,Mather,70
Mather,3778-1,StemLength,Timberline,0
Mather,3778-1,NumStems,Stanford,18
Mather,3778-1,NumStems,Mather,18
Mather,3778-1,NumStems,Timberline,0
Mather,3778-2,StemLength,Stanford,80
Mather,3778-2,StemLength,Mather,83
Mather,3778-2,StemLength,Timberline,20
Mather,3778-2,NumStems,Stanford,9
Mather,3778-2,NumStems,Mather,25.3
Mather,3778-2,NumStems,Timberline,0.7
Mather,3778-3,StemLength,Stanford,87
Mather,3778-3,StemLength,Mather,100
Mather,3778-3,StemLength,Timberline,0
Mather,3778-3,NumStems,Stanford,1
Mather,3778-3,NumStems,Mather,34
Mather,3778-3,NumStems,Timberline,0
Mather,3778-4,StemLength,Stanford,61
Mather,3778-4,StemLength,Mather,85
Mather,3778-4,StemLength,Timberline,0
Mather,3778-4,NumStems,Stanford,7.5
Mather,3778-4,NumStems,Mather,40.3
Mather,3778-4,NumStems,Timberline,0
Mather,3778-6,StemLength,Stanford,101
Mather,3778-6,StemLength,Mather,92
Mather,3778-6,StemLength,Timberline,0
Mather,3778-6,NumStems,Stanford,12
Mather,3778-6,NumStems,Mather,34
Mather,3778-6,NumStems,Timberline,0
Mather,3778-7,StemLength,Stanford,93
Mather,3778-7,StemLength,Mather,82
Mather,3778-7,StemLength,Timberline,0
Mather,3778-7,NumStems,Stanford,10.5
Mather,3778-7,NumStems,Mather,46.3
Mather,3778-7,NumStems,Timberline,0
Mather,3778-8,StemLength,Stanford,78
Mather,3778-8,StemLength,Mather,88
Mather,3778-8,StemLength,Timberline,0
Mather,3778-8,NumStems,Stanford,24.5
Mather,3778-8,NumStems,Mather,36.3
Mather,3778-8,NumStems,Timberline,0
Mather,3778-9,StemLength,Stanford,90
Mather,3778-9,StemLength,Mather,83
Mather,3778-9,StemLength,Timberline,0
Mather,3778-9,NumStems,Stanford,6
Mather,3778-9,NumStems,Mather,11.7
Mather,3778-9,NumStems,Timberline,0
Mather,3778-10,StemLength,Stanford,87
Mather,3778-10,StemLength,Mather,70
Mather,3778-10,StemLength,Timberline,0
Mather,3778-10,NumStems,Stanford,0
Mather,3778-10,NumStems,Mather,23.7
Mather,3778-10,NumStems,Timberline,0
Mather,3778-11,StemLength,Stanford,90
Mather,3778-11,StemLength,Mather,61
Mather,3778-11,StemLength,Timberline,0
Mather,3778-11,NumStems,Stanford,0
Mather,3778-11,NumStems,Mather,16.3
Mather,3778-11,NumStems,Timberline,0
Mather,3778-12,StemLength,Stanford,87
Mather,3778-12,StemLength,Mather,94
Mather,3778-12,StemLength,Timberline,0
Mather,3778-12,NumStems,Stanford,8
Mather,3778-12,NumStems,Mather,38.7
Mather,3778-12,NumStems,Timberline,0
Mather,3778-13,StemLength,Stanford,64
Mather,3778-13,StemLength,Mather,89
Mather,3778-13,StemLength,Timberline,28
Mather,3778-13,NumStems,Stanford,3
Mather,3778-13,NumStems,Mather,16.3
Mather,3778-13,NumStems,Timberline,0.3
Mather,3778-14,StemLength,Stanford,80
Mather,3778-14,StemLength,Mather,95
Mather,3778-14,StemLength,Timberline,0
Mather,3778-14,NumStems,Stanford,1
Mather,3778-14,NumStems,Mather,19
Mather,3778-14,NumStems,Timberline,0
Mather,3778-15,StemLength,Stanford,82
Mather,3778-15,StemLength,Mather,79
Mather,3778-15,StemLength,Timberline,36
Mather,3778-15,NumStems,Stanford,8
Mather,3778-15,NumStems,Mather,30.7
Mather,3778-15,NumStems,Timberline,1.7
Mather,3778-16,StemLength,Stanford,84
Mather,3778-16,StemLength,Mather,82
Mather,3778-16,StemLength,Timberline,26
Mather,3778-16,NumStems,Stanford,3
Mather,3778-16,NumStems,Mather,18.7
Mather,3778-16,NumStems,Timberline,0.3
Mather,3778-17,StemLength,Stanford,88
Mather,3778-17,StemLength,Mather,94
Mather,3778-17,StemLength,Timberline,0
Mather,3778-17,NumStems,Stanford,16
Mather,3778-17,NumStems,Mather,48
Mather,3778-17,NumStems,Timberline,0
Mather,3778-18,StemLength,Stanford,72
Mather,3778-18,StemLength,Mather,86
Mather,3778-18,StemLength,Timberline,45
Mather,3778-18,NumStems,Stanford,6.5
Mather,3778-18,NumStems,Mather,18.7
Mather,3778-18,NumStems,Timberline,1.7
Mather,3778-19,StemLength,Stanford,60
Mather,3778-19,StemLength,Mather,78
Mather,3778-19,StemLength,Timberline,0
Mather,3778-19,NumStems,Stanford,6
Mather,3778-19,NumStems,Mather,19.7
Mather,3778-19,NumStems,Timberline,0
Mather,3778-20,StemLength,Stanford,50
Mather,3778-20,StemLength,Mather,72
Mather,3778-20,StemLength,Timberline,0
Mather,3778-20,NumStems,Stanford,7.5
Mather,3778-20,NumStems,Mather,57.7
Mather,3778-20,NumStems,Timberline,0
Mather,3778-21,StemLength,Stanford,80
Mather,3778-21,StemLength,Mather,81
Mather,3778-21,StemLength,Timberline,44
Mather,3778-21,NumStems,Stanford,3.5
Mather,3778-21,NumStems,Mather,11.3
Mather,3778-21,NumStems,Timberline,1
Mather,3778-22,StemLength,Stanford,69
Mather,3778-22,StemLength,Mather,0
Mather,3778-22,StemLength,Timberline,25
Mather,3778-22,NumStems,Stanford,0
Mather,3778-22,NumStems,Mather,0
Mather,3778-22,NumStems,Timberline,0.7
Mather,3778-24,StemLength,Stanford,84
Mather,3778-24,StemLength,Mather,97
Mather,3778-24,StemLength,Timberline,0
Mather,3778-24,NumStems,Stanford,5.5
Mather,3778-24,NumStems,Mather,49
Mather,3778-24,NumStems,Timberline,0
Mather,3778-25,StemLength,Stanford,76
Mather,3778-25,StemLength,Mather,80
Mather,3778-25,StemLength,Timberline,40
Mather,3778-25,NumStems,Stanford,0.5
Mather,3778-25,NumStems,Mather,37.3
Mather,3778-25,NumStems,Timberline,3
Mather,3778-26,StemLength,Stanford,98
Mather,3778-26,StemLength,Mather,93
Mather,3778-26,StemLength,Timberline,44
Mather,3778-26,NumStems,Stanford,4
Mather,3778-26,NumStems,Mather,44.7
Mather,3778-26,NumStems,Timberline,4.7
Mather,3778-27,StemLength,Stanford,72
Mather,3778-27,StemLength,Mather,79
Mather,3778-27,StemLength,Timberline,0
Mather,3778-27,NumStems,Stanford,7.5
Mather,3778-27,NumStems,Mather,30
Mather,3778-27,NumStems,Timberline,0
Mather,3778-28,StemLength,Stanford,82
Mather,3778-28,StemLength,Mather,83
Mather,3778-28,StemLength,Timberline,56
Mather,3778-28,NumStems,Stanford,12.5
Mather,3778-28,NumStems,Mather,15
Mather,3778-28,NumStems,Timberline,1
Mather,3778-29,StemLength,Stanford,72
Mather,3778-29,StemLength,Mather,50
Mather,3778-29,StemLength,Timberline,30
Mather,3778-29,NumStems,Stanford,5
Mather,3778-29,NumStems,Mather,5.7
Mather,3778-29,NumStems,Timberline,0.7
Mather,3778-30,StemLength,Stanford,90
Mather,3778-30,StemLength,Mather,78
Mather,3778-30,StemLength,Timberline,0
Mather,3778-30,NumStems,Stanford,5
Mather,3778-30,NumStems,Mather,20.3
Mather,3778-30,NumStems,Timberline,0
Mather,3778-31,StemLength,Stanford,62
Mather,3778-31,StemLength,Mather,82
Mather,3778-31,StemLength,Timberline,18
Mather,3778-31,NumStems,Stanford,3.5
Mather,3778-31,NumStems,Mather,26.3
Mather,3778-31,NumStems,Timberline,1
SanGregorio,3777-1,StemLength,Stanford,111
SanGregorio,3777-1,StemLength,Mather,70
SanGregorio,3777-1,StemLength,Timberline,0
SanGregorio,3777-1,NumStems,Stanford,15
SanGregorio,3777-1,NumStems,Mather,2.7
SanGregorio,3777-1,NumStems,Timberline,0
SanGregorio,3777-2,StemLength,Stanford,110
SanGregorio,3777-2,StemLength,Mather,80
SanGregorio,3777-2,StemLength,Timberline,0
SanGregorio,3777-2,NumStems,Stanford,39
SanGregorio,3777-2,NumStems,Mather,40
SanGregorio,3777-2,NumStems,Timberline,0
SanGregorio,3777-3,StemLength,Stanford,113
SanGregorio,3777-3,StemLength,Mather,58
SanGregorio,3777-3,StemLength,Timberline,0
SanGregorio,3777-3,NumStems,Stanford,25.5
SanGregorio,3777-3,NumStems,Mather,14.3
SanGregorio,3777-3,NumStems,Timberline,0
SanGregorio,3777-4,StemLength,Stanford,101
SanGregorio,3777-4,StemLength,Mather,57
SanGregorio,3777-4,StemLength,Timberline,0
SanGregorio,3777-4,NumStems,Stanford,28.5
SanGregorio,3777-4,NumStems,Mather,22.3
SanGregorio,3777-4,NumStems,Timberline,0
SanGregorio,3777-5,StemLength,Stanford,115
SanGregorio,3777-5,StemLength,Mather,69
SanGregorio,3777-5,StemLength,Timberline,0
SanGregorio,3777-5,NumStems,Stanford,76.5
SanGregorio,3777-5,NumStems,Mather,30.3
SanGregorio,3777-5,NumStems,Timberline,0
SanGregorio,3777-6,StemLength,Stanford,98
SanGregorio,3777-6,StemLength,Mather,71
SanGregorio,3777-6,StemLength,Timberline,0
SanGregorio,3777-6,NumStems,Stanford,39.5
SanGregorio,3777-6,NumStems,Mather,30
SanGregorio,3777-6,NumStems,Timberline,0
SanGregorio,3777-7,StemLength,Stanford,96
SanGregorio,3777-7,StemLength,Mather,51
SanGregorio,3777-7,StemLength,Timberline,0
SanGregorio,3777-7,NumStems,Stanford,25.5
SanGregorio,3777-7,NumStems,Mather,25.7
SanGregorio,3777-7,NumStems,Timberline,0
SanGregorio,3777-8,StemLength,Stanford,91
SanGregorio,3777-8,StemLength,Mather,48
SanGregorio,3777-8,StemLength,Timberline,0
SanGregorio,3777-8,NumStems,Stanford,18
SanGregorio,3777-8,NumStems,Mather,22.3
SanGregorio,3777-8,NumStems,Timberline,0
SanGregorio,3777-9,StemLength,Stanford,116
SanGregorio,3777-9,StemLength,Mather,52
SanGregorio,3777-9,StemLength,Timberline,0
SanGregorio,3777-9,NumStems,Stanford,17.5
SanGregorio,3777-9,NumStems,Mather,14.3
SanGregorio,3777-9,NumStems,Timberline,0
SanGregorio,3777-10,StemLength,Stanford,83
SanGregorio,3777-10,StemLength,Mather,74
SanGregorio,3777-10,StemLength,Timberline,0
SanGregorio,3777-10,NumStems,Stanford,26.5
SanGregorio,3777-10,NumStems,Mather,43.3
SanGregorio,3777-10,NumStems,Timberline,0
SanGregorio,3777-11,StemLength,Stanford,79
SanGregorio,3777-11,StemLength,Mather,53
SanGregorio,3777-11,StemLength,Timberline,0
SanGregorio,3777-11,NumStems,Stanford,35.5
SanGregorio,3777-11,NumStems,Mather,10
SanGregorio,3777-11,NumStems,Timberline,0
SanGregorio,3777-12,StemLength,Stanford,99
SanGregorio,3777-12,StemLength,Mather,58
SanGregorio,3777-12,StemLength,Timberline,0
SanGregorio,3777-12,NumStems,Stanford,34.5
SanGregorio,3777-12,NumStems,Mather,8.7
SanGregorio,3777-12,NumStems,Timberline,0
SanGregorio,3777-13,StemLength,Stanford,122
SanGregorio,3777-13,StemLength,Mather,45
SanGregorio,3777-13,StemLength,Timberline,0
SanGregorio,3777-13,NumStems,Stanford,26.5
SanGregorio,3777-13,NumStems,Mather,11
SanGregorio,3777-13,NumStems,Timberline,0
SanGregorio,3777-14,StemLength,Stanford,120
SanGregorio,3777-14,StemLength,Mather,84
SanGregorio,3777-14,StemLength,Timberline,0
SanGregorio,3777-14,NumStems,Stanford,65
SanGregorio,3777-14,NumStems,Mather,22.3
SanGregorio,3777-14,NumStems,Timberline,0
SanGregorio,3777-15,StemLength,Stanford,115
SanGregorio,3777-15,StemLength,Mather,59
SanGregorio,3777-15,StemLength,Timberline,0
SanGregorio,3777-15,NumStems,Stanford,35.5
SanGregorio,3777-15,NumStems,Mather,12
SanGregorio,3777-15,NumStems,Timberline,0
SanGregorio,3777-16,StemLength,Stanford,109
SanGregorio,3777-16,StemLength,Mather,0
SanGregorio,3777-16,StemLength,Timberline,0
SanGregorio,3777-16,NumStems,Stanford,23.5
SanGregorio,3777-16,NumStems,Mather,0
SanGregorio,3777-16,NumStems,Timberline,0
SanGregorio,3777-17,StemLength,Stanford,96
SanGregorio,3777-17,StemLength,Mather,0
SanGregorio,3777-17,StemLength,Timberline,0
SanGregorio,3777-17,NumStems,Stanford,58.5
SanGregorio,3777-17,NumStems,Mather,0
SanGregorio,3777-17,NumStems,Timberline,0
SanGregorio,3777-18,StemLength,Stanford,84
SanGregorio,3777-18,StemLength,Mather,0
SanGregorio,3777-18,StemLength,Timberline,0
SanGregorio,3777-18,NumStems,Stanford,38
SanGregorio,3777-18,NumStems,Mather,0
SanGregorio,3777-18,NumStems,Timberline,0
SanGregorio,3777-19,StemLength,Stanford,96
SanGregorio,3777-19,StemLength,Mather,37
SanGregorio,3777-19,StemLength,Timberline,0
SanGregorio,3777-19,NumStems,Stanford,24
SanGregorio,3777-19,NumStems,Mather,34
SanGregorio,3777-19,NumStems,Timberline,0
SanGregorio,3777-20,StemLength,Stanford,70
SanGregorio,3777-20,StemLength,Mather,44
SanGregorio,3777-20,StemLength,Timberline,0
SanGregorio,3777-20,NumStems,Stanford,13.5
SanGregorio,3777-20,NumStems,Mather,6.7
SanGregorio,3777-20,NumStems,Timberline,0
SanGregorio,3777-21,StemLength,Stanford,116
SanGregorio,3777-21,StemLength,Mather,73
SanGregorio,3777-21,StemLength,Timberline,0
SanGregorio,3777-21,NumStems,Stanford,48.5
SanGregorio,3777-21,NumStems,Mather,15.3
SanGregorio,3777-21,NumStems,Timberline,0
SanGregorio,3777-22,StemLength,Stanford,108
SanGregorio,3777-22,StemLength,Mather,71
SanGregorio,3777-22,StemLength,Timberline,0
SanGregorio,3777-22,NumStems,Stanford,36
SanGregorio,3777-22,NumStems,Mather,24.3
SanGregorio,3777-22,NumStems,Timberline,0
SanGregorio,3777-23,StemLength,Stanford,109
SanGregorio,3777-23,StemLength,Mather,56
SanGregorio,3777-23,StemLength,Timberline,0
SanGregorio,3777-23,NumStems,Stanford,24
SanGregorio,3777-23,NumStems,Mather,20.3
SanGregorio,3777-23,NumStems,Timberline,0
SanGregorio,3777-24,StemLength,Stanford,119
SanGregorio,3777-24,StemLength,Mather,71
SanGregorio,3777-24,StemLength,Timberline,0
SanGregorio,3777-24,NumStems,Stanford,24.5
SanGregorio,3777-24,NumStems,Mather,41.3
SanGregorio,3777-24,NumStems,Timberline,0
SanGregorio,3777-25,StemLength,Stanford,88
SanGregorio,3777-25,StemLength,Mather,63
SanGregorio,3777-25,StemLength,Timberline,0
SanGregorio,3777-25,NumStems,Stanford,18
SanGregorio,3777-25,NumStems,Mather,25.7
SanGregorio,3777-25,NumStems,Timberline,0
SanGregorio,3777-26,StemLength,Stanford,97
SanGregorio,3777-26,StemLength,Mather,73
SanGregorio,3777-26,StemLength,Timberline,0
SanGregorio,3777-26,NumStems,Stanford,15.5
SanGregorio,3777-26,NumStems,Mather,12.3
SanGregorio,3777-26,NumStems,Timberline,0
SanGregorio,3777-27,StemLength,Stanford,65
SanGregorio,3777-27,StemLength,Mather,61
SanGregorio,3777-27,StemLength,Timberline,0
SanGregorio,3777-27,NumStems,Stanford,21
SanGregorio,3777-27,NumStems,Mather,27.3
SanGregorio,3777-27,NumStems,Timberline,0
SanGregorio,3777-28,StemLength,Stanford,78
SanGregorio,3777-28,StemLength,Mather,38
SanGregorio,3777-28,StemLength,Timberline,0
SanGregorio,3777-28,NumStems,Stanford,23.5
SanGregorio,3777-28,NumStems,Mather,11
SanGregorio,3777-28,NumStems,Timberline,0
SanGregorio,3777-29,StemLength,Stanford,0.75
SanGregorio,3777-29,StemLength,Mather,46
SanGregorio,3777-29,StemLength,Timberline,0
SanGregorio,3777-29,NumStems,Stanford,21
SanGregorio,3777-29,NumStems,Mather,14.7
SanGregorio,3777-29,NumStems,Timberline,0
SanGregorio,3777-30,StemLength,Stanford,63
SanGregorio,3777-30,StemLength,Mather,45
SanGregorio,3777-30,StemLength,Timberline,0
SanGregorio,3777-30,NumStems,Stanford,29
SanGregorio,3777-30,NumStems,Mather,34.7
SanGregorio,3777-30,NumStems,Timberline,0
TenayaLake,3971-1,StemLength,Stanford,35
TenayaLake,3971-1,StemLength,Mather,0
TenayaLake,3971-1,StemLength,Timberline,34
TenayaLake,3971-1,NumStems,Stanford,7
TenayaLake,3971-1,NumStems,Mather,0
TenayaLake,3971-1,NumStems,Timberline,4.3
TenayaLake,3971-2,StemLength,Stanford,44
TenayaLake,3971-2,StemLength,Mather,33
TenayaLake,3971-2,StemLength,Timberline,32
TenayaLake,3971-2,NumStems,Stanford,5.3
TenayaLake,3971-2,NumStems,Mather,2.3
TenayaLake,3971-2,NumStems,Timberline,3
TenayaLake,3971-3,StemLength,Stanford,43
TenayaLake,3971-3,StemLength,Mather,23
TenayaLake,3971-3,StemLength,Timberline,31
TenayaLake,3971-3,NumStems,Stanford,11.7
TenayaLake,3971-3,NumStems,Mather,0.7
TenayaLake,3971-3,NumStems,Timberline,2.3
TenayaLake,3971-4,StemLength,Stanford,52
TenayaLake,3971-4,StemLength,Mather,25
TenayaLake,3971-4,StemLength,Timberline,46
TenayaLake,3971-4,NumStems,Stanford,4.3
TenayaLake,3971-4,NumStems,Mather,1
TenayaLake,3971-4,NumStems,Timberline,3
TenayaLake,3971-5,StemLength,Stanford,42
TenayaLake,3971-5,StemLength,Mather,33
TenayaLake,3971-5,StemLength,Timberline,35
TenayaLake,3971-5,NumStems,Stanford,2.3
TenayaLake,3971-5,NumStems,Mather,2
TenayaLake,3971-5,NumStems,Timberline,1.3
TenayaLake,3971-6,StemLength,Stanford,38
TenayaLake,3971-6,StemLength,Mather,29
TenayaLake,3971-6,StemLength,Timberline,30
TenayaLake,3971-6,NumStems,Stanford,37.7
TenayaLake,3971-6,NumStems,Mather,5.5
TenayaLake,3971-6,NumStems,Timberline,6.7
TenayaLake,3971-7,StemLength,Stanford,31
TenayaLake,3971-7,StemLength,Mather,21
TenayaLake,3971-7,StemLength,Timberline,31
TenayaLake,3971-7,NumStems,Stanford,15.3
TenayaLake,3971-7,NumStems,Mather,11
TenayaLake,3971-7,NumStems,Timberline,3.3
TenayaLake,3971-8,StemLength,Stanford,43
TenayaLake,3971-8,StemLength,Mather,46
TenayaLake,3971-8,StemLength,Timberline,45
TenayaLake,3971-8,NumStems,Stanford,15.7
TenayaLake,3971-8,NumStems,Mather,4.7
TenayaLake,3971-8,NumStems,Timberline,2.7
TenayaLake,3971-9,StemLength,Stanford,31
TenayaLake,3971-9,StemLength,Mather,32
TenayaLake,3971-9,StemLength,Timberline,36
TenayaLake,3971-9,NumStems,Stanford,0.3
TenayaLake,3971-9,NumStems,Mather,1.7
TenayaLake,3971-9,NumStems,Timberline,2.3
TenayaLake,3971-10,StemLength,Stanford,37
TenayaLake,3971-10,StemLength,Mather,18
TenayaLake,3971-10,StemLength,Timberline,35
TenayaLake,3971-10,NumStems,Stanford,11.3
TenayaLake,3971-10,NumStems,Mather,0.7
TenayaLake,3971-10,NumStems,Timberline,3.3
TenayaLake,3971-11,StemLength,Stanford,33
TenayaLake,3971-11,StemLength,Mather,36
TenayaLake,3971-11,StemLength,Timberline,36
TenayaLake,3971-11,NumStems,Stanford,3.7
TenayaLake,3971-11,NumStems,Mather,3.7
TenayaLake,3971-11,NumStems,Timberline,5
TenayaLake,3971-12,StemLength,Stanford,12
TenayaLake,3971-12,StemLength,Mather,24
TenayaLake,3971-12,StemLength,Timberline,19
TenayaLake,3971-12,NumStems,Stanford,0.7
TenayaLake,3971-12,NumStems,Mather,2
TenayaLake,3971-12,NumStems,Timberline,3.7
TenayaLake,3971-13,StemLength,Stanford,44
TenayaLake,3971-13,StemLength,Mather,33
TenayaLake,3971-13,StemLength,Timberline,30
TenayaLake,3971-13,NumStems,Stanford,17.7
TenayaLake,3971-13,NumStems,Mather,11.7
TenayaLake,3971-13,NumStems,Timberline,4
TenayaLake,3971-14,StemLength,Stanford,29
TenayaLake,3971-14,StemLength,Mather,40
TenayaLake,3971-14,StemLength,Timberline,40
TenayaLake,3971-14,NumStems,Stanford,0.7
TenayaLake,3971-14,NumStems,Mather,9
TenayaLake,3971-14,NumStems,Timberline,9.3
TenayaLake,3971-15,StemLength,Stanford,37
TenayaLake,3971-15,StemLength,Mather,33
TenayaLake,3971-15,StemLength,Timberline,32
TenayaLake,3971-15,NumStems,Stanford,10
TenayaLake,3971-15,NumStems,Mather,5
TenayaLake,3971-15,NumStems,Timberline,6.3
TenayaLake,3971-16,StemLength,Stanford,21
TenayaLake,3971-16,StemLength,Mather,24
TenayaLake,3971-16,StemLength,Timberline,30
TenayaLake,3971-16,NumStems,Stanford,3
TenayaLake,3971-16,NumStems,Mather,3
TenayaLake,3971-16,NumStems,Timberline,2.3
TenayaLake,3971-17,StemLength,Stanford,44
TenayaLake,3971-17,StemLength,Mather,52
TenayaLake,3971-17,StemLength,Timberline,36
TenayaLake,3971-17,NumStems,Stanford,14
TenayaLake,3971-17,NumStems,Mather,13.3
TenayaLake,3971-17,NumStems,Timberline,3.7
TenayaLake,3971-18,StemLength,Stanford,29
TenayaLake,3971-18,StemLength,Mather,30
TenayaLake,3971-18,StemLength,Timberline,45
TenayaLake,3971-18,NumStems,Stanford,7.3
TenayaLake,3971-18,NumStems,Mather,9
TenayaLake,3971-18,NumStems,Timberline,3
TenayaLake,3971-19,StemLength,Stanford,25
TenayaLake,3971-19,StemLength,Mather,28
TenayaLake,3971-19,StemLength,Timberline,24
TenayaLake,3971-19,NumStems,Stanford,4.3
TenayaLake,3971-19,NumStems,Mather,0.5
TenayaLake,3971-19,NumStems,Timberline,4.3
TenayaLake,3971-20,StemLength,Stanford,28
TenayaLake,3971-20,StemLength,Mather,48
TenayaLake,3971-20,StemLength,Timberline,38
TenayaLake,3971-20,NumStems,Stanford,8.7
TenayaLake,3971-20,NumStems,Mather,22
TenayaLake,3971-20,NumStems,Timberline,7.3
TenayaLake,3971-21,StemLength,Stanford,20
TenayaLake,3971-21,StemLength,Mather,31
TenayaLake,3971-21,StemLength,Timberline,29
TenayaLake,3971-21,NumStems,Stanford,0.7
TenayaLake,3971-21,NumStems,Mather,4
TenayaLake,3971-21,NumStems,Timberline,1.7
TenayaLake,3971-22,StemLength,Stanford,29
TenayaLake,3971-22,StemLength,Mather,34
TenayaLake,3971-22,StemLength,Timberline,29
TenayaLake,3971-22,NumStems,Stanford,7.3
TenayaLake,3971-22,NumStems,Mather,4.3
TenayaLake,3971-22,NumStems,Timberline,3.3
TenayaLake,3971-23,StemLength,Stanford,44
TenayaLake,3971-23,StemLength,Mather,36
TenayaLake,3971-23,StemLength,Timberline,38
TenayaLake,3971-23,NumStems,Stanford,7
TenayaLake,3971-23,NumStems,Mather,8.3
TenayaLake,3971-23,NumStems,Timberline,9.3
TenayaLake,3971-24,StemLength,Stanford,40
TenayaLake,3971-24,StemLength,Mather,43
TenayaLake,3971-24,StemLength,Timberline,32
TenayaLake,3971-24,NumStems,Stanford,7
TenayaLake,3971-24,NumStems,Mather,8.7
TenayaLake,3971-24,NumStems,Timberline,4.3
TenayaLake,3971-25,StemLength,Stanford,32
TenayaLake,3971-25,StemLength,Mather,39
TenayaLake,3971-25,StemLength,Timberline,35
TenayaLake,3971-25,NumStems,Stanford,11.3
TenayaLake,3971-25,NumStems,Mather,2.5
TenayaLake,3971-25,NumStems,Timberline,7.7
TenayaLake,3971-26,StemLength,Stanford,45
TenayaLake,3971-26,StemLength,Mather,32
TenayaLake,3971-26,StemLength,Timberline,38
TenayaLake,3971-26,NumStems,Stanford,7.3
TenayaLake,3971-26,NumStems,Mather,3
TenayaLake,3971-26,NumStems,Timberline,5.7
TenayaLake,3971-27,StemLength,Stanford,22
TenayaLake,3971-27,StemLength,Mather,33
TenayaLake,3971-27,StemLength,Timberline,0
TenayaLake,3971-27,NumStems,Stanford,2.3
TenayaLake,3971-27,NumStems,Mather,3
TenayaLake,3971-27,NumStems,Timberline,0
TenayaLake,3971-28,StemLength,Stanford,26
TenayaLake,3971-28,StemLength,Mather,43
TenayaLake,3971-28,StemLength,Timberline,35
TenayaLake,3971-28,NumStems,Stanford,14
TenayaLake,3971-28,NumStems,Mather,21
TenayaLake,3971-28,NumStems,Timberline,11
TenayaLake,3971-29,StemLength,Stanford,36
TenayaLake,3971-29,StemLength,Mather,41
TenayaLake,3971-29,StemLength,Timberline,21
TenayaLake,3971-29,NumStems,Stanford,9.3
TenayaLake,3971-29,NumStems,Mather,22.7
TenayaLake,3971-29,NumStems,Timberline,6.7
TenayaLake,3971-30,StemLength,Stanford,24
TenayaLake,3971-30,StemLength,Mather,38
TenayaLake,3971-30,StemLength,Timberline,27
TenayaLake,3971-30,NumStems,Stanford,16.7
TenayaLake,3971-30,NumStems,Mather,5.7
TenayaLake,3971-30,NumStems,Timberline,5.7
Timberline,3780-1,StemLength,Stanford,36
Timberline,3780-1,StemLength,Mather,34
Timberline,3780-1,StemLength,Timberline,34
Timberline,3780-1,NumStems,Stanford,0.8
Timberline,3780-1,NumStems,Mather,1
Timberline,3780-1,NumStems,Timberline,1.7
Timberline,3780-2,StemLength,Stanford,0
Timberline,3780-2,StemLength,Mather,23
Timberline,3780-2,StemLength,Timberline,24
Timberline,3780-2,NumStems,Stanford,0
Timberline,3780-2,NumStems,Mather,1
Timberline,3780-2,NumStems,Timberline,1
Timberline,3780-3,StemLength,Stanford,32
Timberline,3780-3,StemLength,Mather,0
Timberline,3780-3,StemLength,Timberline,24
Timberline,3780-3,NumStems,Stanford,3
Timberline,3780-3,NumStems,Mather,0
Timberline,3780-3,NumStems,Timberline,1
Timberline,3780-4,StemLength,Stanford,24
Timberline,3780-4,StemLength,Mather,0
Timberline,3780-4,StemLength,Timberline,30
Timberline,3780-4,NumStems,Stanford,5
Timberline,3780-4,NumStems,Mather,0
Timberline,3780-4,NumStems,Timberline,3
Timberline,3780-5,StemLength,Stanford,13
Timberline,3780-5,StemLength,Mather,22
Timberline,3780-5,StemLength,Timberline,19
Timberline,3780-5,NumStems,Stanford,9.5
Timberline,3780-5,NumStems,Mather,5
Timberline,3780-5,NumStems,Timberline,1.7
Timberline,3780-6,StemLength,Stanford,13
Timberline,3780-6,StemLength,Mather,18
Timberline,3780-6,StemLength,Timberline,22
Timberline,3780-6,NumStems,Stanford,5
Timberline,3780-6,NumStems,Mather,3
Timberline,3780-6,NumStems,Timberline,4
Timberline,3780-7,StemLength,Stanford,18
Timberline,3780-7,StemLength,Mather,0
Timberline,3780-7,StemLength,Timberline,15
Timberline,3780-7,NumStems,Stanford,2.5
Timberline,3780-7,NumStems,Mather,0
Timberline,3780-7,NumStems,Timberline,1.7
Timberline,3780-8,StemLength,Stanford,9
Timberline,3780-8,StemLength,Mather,0
Timberline,3780-8,StemLength,Timberline,18
Timberline,3780-8,NumStems,Stanford,0.3
Timberline,3780-8,NumStems,Mather,0
Timberline,3780-8,NumStems,Timberline,3.3
Timberline,3780-9,StemLength,Stanford,28
Timberline,3780-9,StemLength,Mather,29
Timberline,3780-9,StemLength,Timberline,21
Timberline,3780-9,NumStems,Stanford,12
Timberline,3780-9,NumStems,Mather,3.7
Timberline,3780-9,NumStems,Timberline,2.3
Timberline,3780-10,StemLength,Stanford,21
Timberline,3780-10,StemLength,Mather,0
Timberline,3780-10,StemLength,Timberline,27
Timberline,3780-10,NumStems,Stanford,5.3
Timberline,3780-10,NumStems,Mather,0
Timberline,3780-10,NumStems,Timberline,4.7
Timberline,3780-11,StemLength,Stanford,6
Timberline,3780-11,StemLength,Mather,26
Timberline,3780-11,StemLength,Timberline,24
Timberline,3780-11,NumStems,Stanford,0.3
Timberline,3780-11,NumStems,Mather,9
Timberline,3780-11,NumStems,Timberline,4.3
Timberline,3780-12,StemLength,Stanford,14
Timberline,3780-12,StemLength,Mather,39
Timberline,3780-12,StemLength,Timberline,20
Timberline,3780-12,NumStems,Stanford,4
Timberline,3780-12,NumStems,Mather,17
Timberline,3780-12,NumStems,Timberline,3.7
Timberline,3780-13,StemLength,Stanford,19
Timberline,3780-13,StemLength,Mather,28
Timberline,3780-13,StemLength,Timberline,10
Timberline,3780-13,NumStems,Stanford,4
Timberline,3780-13,NumStems,Mather,2
Timberline,3780-13,NumStems,Timberline,0.3
Timberline,3780-14,StemLength,Stanford,16
Timberline,3780-14,StemLength,Mather,40
Timberline,3780-14,StemLength,Timberline,36
Timberline,3780-14,NumStems,Stanford,0.5
Timberline,3780-14,NumStems,Mather,16
Timberline,3780-14,NumStems,Timberline,6.7
Timberline,3780-16,StemLength,Stanford,15
Timberline,3780-16,StemLength,Mather,0
Timberline,3780-16,StemLength,Timberline,0
Timberline,3780-16,NumStems,Stanford,0.5
Timberline,3780-16,NumStems,Mather,0
Timberline,3780-16,NumStems,Timberline,0
Timberline,3780-17,StemLength,Stanford,13
Timberline,3780-17,StemLength,Mather,25
Timberline,3780-17,StemLength,Timberline,21
Timberline,3780-17,NumStems,Stanford,3.2
Timberline,3780-17,NumStems,Mather,1
Timberline,3780-17,NumStems,Timberline,3.3
Timberline,3780-18,StemLength,Stanford,32
Timberline,3780-18,StemLength,Mather,43
Timberline,3780-18,StemLength,Timberline,20
Timberline,3780-18,NumStems,Stanford,11.7
Timberline,3780-18,NumStems,Mather,10.3
Timberline,3780-18,NumStems,Timberline,2
Timberline,3780-19,StemLength,Stanford,32
Timberline,3780-19,StemLength,Mather,36
Timberline,3780-19,StemLength,Timberline,29
Timberline,3780-19,NumStems,Stanford,7.7
Timberline,3780-19,NumStems,Mather,8
Timberline,3780-19,NumStems,Timberline,2.7
Timberline,3780-20,StemLength,Stanford,20
Timberline,3780-20,StemLength,Mather,43
Timberline,3780-20,StemLength,Timberline,27
Timberline,3780-20,NumStems,Stanford,2.7
Timberline,3780-20,NumStems,Mather,16
Timberline,3780-20,NumStems,Timberline,4.3
Timberline,3780-21,StemLength,Stanford,32
Timberline,3780-21,StemLength,Mather,0
Timberline,3780-21,StemLength,Timberline,25
Timberline,3780-21,NumStems,Stanford,3.5
Timberline,3780-21,NumStems,Mather,0
Timberline,3780-21,NumStems,Timberline,1
Timberline,3780-22,StemLength,Stanford,29
Timberline,3780-22,StemLength,Mather,0
Timberline,3780-22,StemLength,Timberline,29
Timberline,3780-22,NumStems,Stanford,8
Timberline,3780-22,NumStems,Mather,0
Timberline,3780-22,NumStems,Timberline,4.7
Timberline,3780-23,StemLength,Stanford,28
Timberline,3780-23,StemLength,Mather,32
Timberline,3780-23,StemLength,Timberline,27
Timberline,3780-23,NumStems,Stanford,5.5
Timberline,3780-23,NumStems,Mather,4.5
Timberline,3780-23,NumStems,Timberline,2
Timberline,3780-24,StemLength,Stanford,29
Timberline,3780-24,StemLength,Mather,30
Timberline,3780-24,StemLength,Timberline,22
Timberline,3780-24,NumStems,Stanford,0.3
Timberline,3780-24,NumStems,Mather,6.5
Timberline,3780-24,NumStems,Timberline,1.3
Timberline,3780-25,StemLength,Stanford,19
Timberline,3780-25,StemLength,Mather,27
Timberline,3780-25,StemLength,Timberline,23
Timberline,3780-25,NumStems,Stanford,1.3
Timberline,3780-25,NumStems,Mather,2.7
Timberline,3780-25,NumStems,Timberline,1
Timberline,3780-26,StemLength,Stanford,24
Timberline,3780-26,StemLength,Mather,27
Timberline,3780-26,StemLength,Timberline,30
Timberline,3780-26,NumStems,Stanford,1
Timberline,3780-26,NumStems,Mather,1
Timberline,3780-26,NumStems,Timberline,0.7
Timberline,3780-28,StemLength,Stanford,17
Timberline,3780-28,StemLength,Mather,40
Timberline,3780-28,StemLength,Timberline,16
Timberline,3780-28,NumStems,Stanford,0.3
Timberline,3780-28,NumStems,Mather,4
Timberline,3780-28,NumStems,Timberline,0.3
Timberline,3780-29,StemLength,Stanford,19
Timberline,3780-29,StemLength,Mather,36
Timberline,3780-29,StemLength,Timberline,20
Timberline,3780-29,NumStems,Stanford,1
Timberline,3780-29,NumStems,Mather,29
Timberline,3780-29,NumStems,Timberline,1
Timberline,3780-30,StemLength,Stanford,15
Timberline,3780-30,StemLength,Mather,34
Timberline,3780-30,StemLength,Timberline,27
Timberline,3780-30,NumStems,Stanford,0.3
Timberline,3780-30,NumStems,Mather,1.5
Timberline,3780-30,NumStems,Timberline,2.7
TuolumneMeaows,3972-1,StemLength,Stanford,29
TuolumneMeaows,3972-1,StemLength,Mather,31
TuolumneMeaows,3972-1,StemLength,Timberline,16
TuolumneMeaows,3972-1,NumStems,Stanford,12.7
TuolumneMeaows,3972-1,NumStems,Mather,7.3
TuolumneMeaows,3972-1,NumStems,Timberline,1.3
TuolumneMeaows,3972-2,StemLength,Stanford,29
TuolumneMeaows,3972-2,StemLength,Mather,24
TuolumneMeaows,3972-2,StemLength,Timberline,0
TuolumneMeaows,3972-2,NumStems,Stanford,1
TuolumneMeaows,3972-2,NumStems,Mather,4
TuolumneMeaows,3972-2,NumStems,Timberline,0
TuolumneMeaows,3972-3,StemLength,Stanford,18
TuolumneMeaows,3972-3,StemLength,Mather,0
TuolumneMeaows,3972-3,StemLength,Timberline,0
TuolumneMeaows,3972-3,NumStems,Stanford,1.3
TuolumneMeaows,3972-3,NumStems,Mather,0
TuolumneMeaows,3972-3,NumStems,Timberline,0
TuolumneMeaows,3972-4,StemLength,Stanford,20
TuolumneMeaows,3972-4,StemLength,Mather,19
TuolumneMeaows,3972-4,StemLength,Timberline,21
TuolumneMeaows,3972-4,NumStems,Stanford,2.3
TuolumneMeaows,3972-4,NumStems,Mather,3
TuolumneMeaows,3972-4,NumStems,Timberline,3.3
TuolumneMeaows,3972-5,StemLength,Stanford,37
TuolumneMeaows,3972-5,StemLength,Mather,36
TuolumneMeaows,3972-5,StemLength,Timberline,32
TuolumneMeaows,3972-5,NumStems,Stanford,3.3
TuolumneMeaows,3972-5,NumStems,Mather,8
TuolumneMeaows,3972-5,NumStems,Timberline,2
TuolumneMeaows,3972-6,StemLength,Stanford,20
TuolumneMeaows,3972-6,StemLength,Mather,28
TuolumneMeaows,3972-6,StemLength,Timberline,36
TuolumneMeaows,3972-6,NumStems,Stanford,1.7
TuolumneMeaows,3972-6,NumStems,Mather,4.5
TuolumneMeaows,3972-6,NumStems,Timberline,5.3
TuolumneMeaows,3972-7,StemLength,Stanford,27
TuolumneMeaows,3972-7,StemLength,Mather,33
TuolumneMeaows,3972-7,StemLength,Timberline,29
TuolumneMeaows,3972-7,NumStems,Stanford,5.3
TuolumneMeaows,3972-7,NumStems,Mather,7.3
TuolumneMeaows,3972-7,NumStems,Timberline,4.7
TuolumneMeaows,3972-8,StemLength,Stanford,28
TuolumneMeaows,3972-8,StemLength,Mather,30
TuolumneMeaows,3972-8,StemLength,Timberline,32
TuolumneMeaows,3972-8,NumStems,Stanford,1
TuolumneMeaows,3972-8,NumStems,Mather,7
TuolumneMeaows,3972-8,NumStems,Timberline,1.7
TuolumneMeaows,3972-9,StemLength,Stanford,9
TuolumneMeaows,3972-9,StemLength,Mather,20
TuolumneMeaows,3972-9,StemLength,Timberline,21
TuolumneMeaows,3972-9,NumStems,Stanford,1
TuolumneMeaows,3972-9,NumStems,Mather,1.7
TuolumneMeaows,3972-9,NumStems,Timberline,10
TuolumneMeaows,3972-10,StemLength,Stanford,18
TuolumneMeaows,3972-10,StemLength,Mather,29
TuolumneMeaows,3972-10,StemLength,Timberline,34
TuolumneMeaows,3972-10,NumStems,Stanford,2
TuolumneMeaows,3972-10,NumStems,Mather,5.7
TuolumneMeaows,3972-10,NumStems,Timberline,3
TuolumneMeaows,3972-11,StemLength,Stanford,18
TuolumneMeaows,3972-11,StemLength,Mather,26
TuolumneMeaows,3972-11,StemLength,Timberline,28
TuolumneMeaows,3972-11,NumStems,Stanford,4
TuolumneMeaows,3972-11,NumStems,Mather,13
TuolumneMeaows,3972-11,NumStems,Timberline,8
TuolumneMeaows,3972-12,StemLength,Stanford,14
TuolumneMeaows,3972-12,StemLength,Mather,27
TuolumneMeaows,3972-12,StemLength,Timberline,35
TuolumneMeaows,3972-12,NumStems,Stanford,2.3
TuolumneMeaows,3972-12,NumStems,Mather,5.3
TuolumneMeaows,3972-12,NumStems,Timberline,13.7
TuolumneMeaows,3972-13,StemLength,Stanford,41
TuolumneMeaows,3972-13,StemLength,Mather,42
TuolumneMeaows,3972-13,StemLength,Timberline,31
TuolumneMeaows,3972-13,NumStems,Stanford,10.3
TuolumneMeaows,3972-13,NumStems,Mather,21.3
TuolumneMeaows,3972-13,NumStems,Timberline,4
TuolumneMeaows,3972-14,StemLength,Stanford,29
TuolumneMeaows,3972-14,StemLength,Mather,32
TuolumneMeaows,3972-14,StemLength,Timberline,28
TuolumneMeaows,3972-14,NumStems,Stanford,3
TuolumneMeaows,3972-14,NumStems,Mather,4
TuolumneMeaows,3972-14,NumStems,Timberline,2.3
TuolumneMeaows,3972-15,StemLength,Stanford,29
TuolumneMeaows,3972-15,StemLength,Mather,29
TuolumneMeaows,3972-15,StemLength,Timberline,39
TuolumneMeaows,3972-15,NumStems,Stanford,0
TuolumneMeaows,3972-15,NumStems,Mather,5.5
TuolumneMeaows,3972-15,NumStems,Timberline,10.7
TuolumneMeaows,3972-16,StemLength,Stanford,25
TuolumneMeaows,3972-16,StemLength,Mather,39
TuolumneMeaows,3972-16,StemLength,Timberline,31
TuolumneMeaows,3972-16,NumStems,Stanford,3
TuolumneMeaows,3972-16,NumStems,Mather,7
TuolumneMeaows,3972-16,NumStems,Timberline,0.7
TuolumneMeaows,3972-17,StemLength,Stanford,15
TuolumneMeaows,3972-17,StemLength,Mather,36
TuolumneMeaows,3972-17,StemLength,Timberline,23
TuolumneMeaows,3972-17,NumStems,Stanford,2
TuolumneMeaows,3972-17,NumStems,Mather,18.3
TuolumneMeaows,3972-17,NumStems,Timberline,0.7
TuolumneMeaows,3972-18,StemLength,Stanford,34
TuolumneMeaows,3972-18,StemLength,Mather,42
TuolumneMeaows,3972-18,StemLength,Timberline,32
TuolumneMeaows,3972-18,NumStems,Stanford,1.7
TuolumneMeaows,3972-18,NumStems,Mather,14.7
TuolumneMeaows,3972-18,NumStems,Timberline,6.3
TuolumneMeaows,3972-19,StemLength,Stanford,19
TuolumneMeaows,3972-19,StemLength,Mather,39
TuolumneMeaows,3972-19,StemLength,Timberline,29
TuolumneMeaows,3972-19,NumStems,Stanford,1.3
TuolumneMeaows,3972-19,NumStems,Mather,30
TuolumneMeaows,3972-19,NumStems,Timberline,1.7
TuolumneMeaows,3972-20,StemLength,Stanford,40
TuolumneMeaows,3972-20,StemLength,Mather,43
TuolumneMeaows,3972-20,StemLength,Timberline,26
TuolumneMeaows,3972-20,NumStems,Stanford,14
TuolumneMeaows,3972-20,NumStems,Mather,58
TuolumneMeaows,3972-20,NumStems,Timberline,8
TuolumneMeaows,3972-21,StemLength,Stanford,0
TuolumneMeaows,3972-21,StemLength,Mather,31
TuolumneMeaows,3972-21,StemLength,Timberline,29
TuolumneMeaows,3972-21,NumStems,Stanford,0
TuolumneMeaows,3972-21,NumStems,Mather,2
TuolumneMeaows,3972-21,NumStems,Timberline,6
TuolumneMeaows,3972-22,StemLength,Stanford,18
TuolumneMeaows,3972-22,StemLength,Mather,45
TuolumneMeaows,3972-22,StemLength,Timberline,38
TuolumneMeaows,3972-22,NumStems,Stanford,3.3
TuolumneMeaows,3972-22,NumStems,Mather,14.5
TuolumneMeaows,3972-22,NumStems,Timberline,6.7
TuolumneMeaows,3972-23,StemLength,Stanford,18
TuolumneMeaows,3972-23,StemLength,Mather,26
TuolumneMeaows,3972-23,StemLength,Timberline,19
TuolumneMeaows,3972-23,NumStems,Stanford,1.7
TuolumneMeaows,3972-23,NumStems,Mather,6
TuolumneMeaows,3972-23,NumStems,Timberline,1.7
TuolumneMeaows,3972-24,StemLength,Stanford,31
TuolumneMeaows,3972-24,StemLength,Mather,35
TuolumneMeaows,3972-24,StemLength,Timberline,26
TuolumneMeaows,3972-24,NumStems,Stanford,17.3
TuolumneMeaows,3972-24,NumStems,Mather,42
TuolumneMeaows,3972-24,NumStems,Timberline,11
TuolumneMeaows,3972-25,StemLength,Stanford,32
TuolumneMeaows,3972-25,StemLength,Mather,39
TuolumneMeaows,3972-25,StemLength,Timberline,28
TuolumneMeaows,3972-25,NumStems,Stanford,3
TuolumneMeaows,3972-25,NumStems,Mather,39.3
TuolumneMeaows,3972-25,NumStems,Timberline,18.3
TuolumneMeaows,3972-26,StemLength,Stanford,20
TuolumneMeaows,3972-26,StemLength,Mather,29
TuolumneMeaows,3972-26,StemLength,Timberline,18
TuolumneMeaows,3972-26,NumStems,Stanford,5.3
TuolumneMeaows,3972-26,NumStems,Mather,10.3
TuolumneMeaows,3972-26,NumStems,Timberline,1
TuolumneMeaows,3972-27,StemLength,Stanford,0
TuolumneMeaows,3972-27,StemLength,Mather,39
TuolumneMeaows,3972-27,StemLength,Timberline,33
TuolumneMeaows,3972-27,NumStems,Stanford,0
TuolumneMeaows,3972-27,NumStems,Mather,5.7
TuolumneMeaows,3972-27,NumStems,Timberline,5.3
TuolumneMeaows,3972-28,StemLength,Stanford,25
TuolumneMeaows,3972-28,StemLength,Mather,20
TuolumneMeaows,3972-28,StemLength,Timberline,19
TuolumneMeaows,3972-28,NumStems,Stanford,2.3
TuolumneMeaows,3972-28,NumStems,Mather,1
TuolumneMeaows,3972-28,NumStems,Timberline,3.7
TuolumneMeaows,3972-29,StemLength,Stanford,22
TuolumneMeaows,3972-29,StemLength,Mather,43
TuolumneMeaows,3972-29,StemLength,Timberline,31
TuolumneMeaows,3972-29,NumStems,Stanford,8.7
TuolumneMeaows,3972-29,NumStems,Mather,19
TuolumneMeaows,3972-29,NumStems,Timberline,17.3
TuolumneMeaows,3972-30,StemLength,Stanford,25
TuolumneMeaows,3972-30,StemLength,Mather,36
TuolumneMeaows,3972-30,StemLength,Timberline,32
TuolumneMeaows,3972-30,NumStems,Stanford,5.7
TuolumneMeaows,3972-30,NumStems,Mather,1.3
TuolumneMeaows,3972-30,NumStems,Timberline,6.3
Yosemite,3970-1,StemLength,Stanford,52
Yosemite,3970-1,StemLength,Mather,49
Yosemite,3970-1,StemLength,Timberline,24
Yosemite,3970-1,NumStems,Stanford,10.3
Yosemite,3970-1,NumStems,Mather,2
Yosemite,3970-1,NumStems,Timberline,0.3
Yosemite,3970-2,StemLength,Stanford,67
Yosemite,3970-2,StemLength,Mather,58
Yosemite,3970-2,StemLength,Timberline,30
Yosemite,3970-2,NumStems,Stanford,3
Yosemite,3970-2,NumStems,Mather,10.3
Yosemite,3970-2,NumStems,Timberline,1.3
Yosemite,3970-3,StemLength,Stanford,59
Yosemite,3970-3,StemLength,Mather,52
Yosemite,3970-3,StemLength,Timberline,15
Yosemite,3970-3,NumStems,Stanford,9.3
Yosemite,3970-3,NumStems,Mather,3.7
Yosemite,3970-3,NumStems,Timberline,1.3
Yosemite,3970-4,StemLength,Stanford,68
Yosemite,3970-4,StemLength,Mather,65
Yosemite,3970-4,StemLength,Timberline,0
Yosemite,3970-4,NumStems,Stanford,8
Yosemite,3970-4,NumStems,Mather,28
Yosemite,3970-4,NumStems,Timberline,0
Yosemite,3970-5,StemLength,Stanford,36
Yosemite,3970-5,StemLength,Mather,42
Yosemite,3970-5,StemLength,Timberline,0
Yosemite,3970-5,NumStems,Stanford,12.7
Yosemite,3970-5,NumStems,Mather,5.5
Yosemite,3970-5,NumStems,Timberline,0.7
Yosemite,3970-6,StemLength,Stanford,61
Yosemite,3970-6,StemLength,Mather,0
Yosemite,3970-6,StemLength,Timberline,26
Yosemite,3970-6,NumStems,Stanford,6.7
Yosemite,3970-6,NumStems,Mather,0
Yosemite,3970-6,NumStems,Timberline,0.7
Yosemite,3970-7,StemLength,Stanford,31
Yosemite,3970-7,StemLength,Mather,52
Yosemite,3970-7,StemLength,Timberline,0
Yosemite,3970-7,NumStems,Stanford,9.3
Yosemite,3970-7,NumStems,Mather,13
Yosemite,3970-7,NumStems,Timberline,0
Yosemite,3970-8,StemLength,Stanford,16
Yosemite,3970-8,StemLength,Mather,46
Yosemite,3970-8,StemLength,Timberline,34
Yosemite,3970-8,NumStems,Stanford,1
Yosemite,3970-8,NumStems,Mather,1.3
Yosemite,3970-8,NumStems,Timberline,2.7
Yosemite,3970-9,StemLength,Stanford,47
Yosemite,3970-9,StemLength,Mather,65
Yosemite,3970-9,StemLength,Timberline,25
Yosemite,3970-9,NumStems,Stanford,13.7
Yosemite,3970-9,NumStems,Mather,16.7
Yosemite,3970-9,NumStems,Timberline,3.3
Yosemite,3970-10,StemLength,Stanford,25
Yosemite,3970-10,StemLength,Mather,48
Yosemite,3970-10,StemLength,Timberline,35
Yosemite,3970-10,NumStems,Stanford,3
Yosemite,3970-10,NumStems,Mather,16
Yosemite,3970-10,NumStems,Timberline,7.3
Yosemite,3970-11,StemLength,Stanford,64
Yosemite,3970-11,StemLength,Mather,56
Yosemite,3970-11,StemLength,Timberline,29
Yosemite,3970-11,NumStems,Stanford,15.3
Yosemite,3970-11,NumStems,Mather,9.7
Yosemite,3970-11,NumStems,Timberline,4.7
Yosemite,3970-12,StemLength,Stanford,43
Yosemite,3970-12,StemLength,Mather,57
Yosemite,3970-12,StemLength,Timberline,38
Yosemite,3970-12,NumStems,Stanford,7
Yosemite,3970-12,NumStems,Mather,9.7
Yosemite,3970-12,NumStems,Timberline,4
Yosemite,3970-13,StemLength,Stanford,32
Yosemite,3970-13,StemLength,Mather,57
Yosemite,3970-13,StemLength,Timberline,36
Yosemite,3970-13,NumStems,Stanford,2.7
Yosemite,3970-13,NumStems,Mather,12
Yosemite,3970-13,NumStems,Timberline,7
Yosemite,3970-14,StemLength,Stanford,47
Yosemite,3970-14,StemLength,Mather,62
Yosemite,3970-14,StemLength,Timberline,23
Yosemite,3970-14,NumStems,Stanford,4
Yosemite,3970-14,NumStems,Mather,11
Yosemite,3970-14,NumStems,Timberline,0.7
Yosemite,3970-15,StemLength,Stanford,14
Yosemite,3970-15,StemLength,Mather,62
Yosemite,3970-15,StemLength,Timberline,40
Yosemite,3970-15,NumStems,Stanford,0.3
Yosemite,3970-15,NumStems,Mather,24
Yosemite,3970-15,NumStems,Timberline,6.3
Yosemite,3970-16,StemLength,Stanford,53
Yosemite,3970-16,StemLength,Mather,63
Yosemite,3970-16,StemLength,Timberline,37
Yosemite,3970-16,NumStems,Stanford,10
Yosemite,3970-16,NumStems,Mather,7.3
Yosemite,3970-16,NumStems,Timberline,3
Yosemite,3970-17,StemLength,Stanford,42
Yosemite,3970-17,StemLength,Mather,53
Yosemite,3970-17,StemLength,Timberline,35
Yosemite,3970-17,NumStems,Stanford,6.3
Yosemite,3970-17,NumStems,Mather,21.7
Yosemite,3970-17,NumStems,Timberline,7
Yosemite,3970-18,StemLength,Stanford,52
Yosemite,3970-18,StemLength,Mather,57
Yosemite,3970-18,StemLength,Timberline,20
Yosemite,3970-18,NumStems,Stanford,10.7
Yosemite,3970-18,NumStems,Mather,23.7
Yosemite,3970-18,NumStems,Timberline,1.7
Yosemite,3970-19,StemLength,Stanford,57
Yosemite,3970-19,StemLength,Mather,64
Yosemite,3970-19,StemLength,Timberline,36
Yosemite,3970-19,NumStems,Stanford,28.3
Yosemite,3970-19,NumStems,Mather,44.3
Yosemite,3970-19,NumStems,Timberline,6
Yosemite,3970-20,StemLength,Stanford,32
Yosemite,3970-20,StemLength,Mather,45
Yosemite,3970-20,StemLength,Timberline,21
Yosemite,3970-20,NumStems,Stanford,6.3
Yosemite,3970-20,NumStems,Mather,25.7
Yosemite,3970-20,NumStems,Timberline,8
Yosemite,3970-21,StemLength,Stanford,44
Yosemite,3970-21,StemLength,Mather,60
Yosemite,3970-21,StemLength,Timberline,30
Yosemite,3970-21,NumStems,Stanford,1.7
Yosemite,3970-21,NumStems,Mather,21
Yosemite,3970-21,NumStems,Timberline,6.3
Yosemite,3970-22,StemLength,Stanford,44
Yosemite,3970-22,StemLength,Mather,65
Yosemite,3970-22,StemLength,Timberline,28
Yosemite,3970-22,NumStems,Stanford,3
Yosemite,3970-22,NumStems,Mather,13.3
Yosemite,3970-22,NumStems,Timberline,2.7
Yosemite,3970-23,StemLength,Stanford,27
Yosemite,3970-23,StemLength,Mather,58
Yosemite,3970-23,StemLength,Timberline,37
Yosemite,3970-23,NumStems,Stanford,1.7
Yosemite,3970-23,NumStems,Mather,12.7
Yosemite,3970-23,NumStems,Timberline,7
Yosemite,3970-24,StemLength,Stanford,47
Yosemite,3970-24,StemLength,Mather,84
Yosemite,3970-24,StemLength,Timberline,23
Yosemite,3970-24,NumStems,Stanford,4.3
Yosemite,3970-24,NumStems,Mather,20
Yosemite,3970-24,NumStems,Timberline,0.7
Yosemite,3970-25,StemLength,Stanford,49
Yosemite,3970-25,StemLength,Mather,59
Yosemite,3970-25,StemLength,Timberline,37
Yosemite,3970-25,NumStems,Stanford,6
Yosemite,3970-25,NumStems,Mather,15.7
Yosemite,3970-25,NumStems,Timberline,2.3
Yosemite,3970-26,StemLength,Stanford,29
Yosemite,3970-26,StemLength,Mather,61
Yosemite,3970-26,StemLength,Timberline,32
Yosemite,3970-26,NumStems,Stanford,1
Yosemite,3970-26,NumStems,Mather,16.7
Yosemite,3970-26,NumStems,Timberline,3.3
Yosemite,3970-27,StemLength,Stanford,47
Yosemite,3970-27,StemLength,Mather,45
Yosemite,3970-27,StemLength,Timberline,45
Yosemite,3970-27,NumStems,Stanford,0.3
Yosemite,3970-27,NumStems,Mather,7
Yosemite,3970-27,NumStems,Timberline,12
Yosemite,3970-28,StemLength,Stanford,0
Yosemite,3970-28,StemLength,Mather,58
Yosemite,3970-28,StemLength,Timberline,0
Yosemite,3970-28,NumStems,Stanford,0
Yosemite,3970-28,NumStems,Mather,4
Yosemite,3970-28,NumStems,Timberline,0
Yosemite,3970-29,StemLength,Stanford,26
Yosemite,3970-29,StemLength,Mather,53
Yosemite,3970-29,StemLength,Timberline,40
Yosemite,3970-29,NumStems,Stanford,1.3
Yosemite,3970-29,NumStems,Mather,14.7
Yosemite,3970-29,NumStems,Timberline,4.3
Yosemite,3970-30,StemLength,Stanford,24
Yosemite,3970-30,StemLength,Mather,33
Yosemite,3970-30,StemLength,Timberline,24
Yosemite,3970-30,NumStems,Stanford,4.7
Yosemite,3970-30,NumStems,Mather,4.7
Yosemite,3970-30,NumStems,Timberline,1.3
